,Bank Name,Merchant Name,Link to offer on Bank site (for reference),Category,Detailed offer text (if available),Promo code (if available),Online/ Offline
0,standard chartered,Amazon ,https://www.gyftr.com/sc-instavouchers/amazon-shopping-voucher-gift-vouchers,Retail,brand voucher amazon ,No Promocode,Online
1,standard chartered,Archies Gallery,https://www.gyftr.com/sc-instavouchers/archies-gallery-gift-vouchers,Gifts,Flat 10% OFF,SCDISA0,Online
2,standard chartered,Armani Exchange-Luxe ,https://www.gyftr.com/sc-instavouchers/luxe-gift-card-–-armani-exchange-gift-vouchers,Fashion,Flat 10% OFF,No promocode,Offline
3,standard chartered,Arrow,https://www.gyftr.com/sc-instavouchers/arrow-gift-vouchers,Fashion,Flat 10% OFF,SCDISA0,Offline
4,standard chartered,Aurelia,https://www.gyftr.com/sc-instavouchers/aurelia-gift-vouchers,Fashion,Flat 7.5% OFF,SCDIS0A0,Offline
5,standard chartered,Balenzia,https://www.gyftr.com/sc-instavouchers/balenzia-gift-vouchers,Fashion,Flat 20% OFF,SCALL20,Online
6,standard chartered,Bata,https://www.gyftr.com/sc-instavouchers/bata-gift-vouchers,Fashion,Flat 12.5% OFF,SCDISBATA0,Offline
7,standard chartered,Bewakoof,https://www.gyftr.com/sc-instavouchers/bewakoof-gift-vouchers,Fashion,Flat 12.5% OFF,SCDISBK0,Online
8,standard chartered,Beyoung,https://www.gyftr.com/sc-instavouchers/beyoung-gift-vouchers,Fashion,Flat 20% OFF,SCALL20,Online
9,standard chartered,Bluestone Diamond,https://www.gyftr.com/sc-instavouchers/bluestone-diamond-gift-vouchers,Jewelry,Flat 5% OFF,SCDISPANT5,Online
10,standard chartered,Bluestone Gold Jewellery,https://www.gyftr.com/sc-instavouchers/bluestone-gold-jewellery-gift-vouchers,Jewelry,brand voucher bluestone gold jewellery,No Promocode,Online
11,standard chartered,Bobbi Brown,https://www.gyftr.com/sc-instavouchers/bobbi-brown-gift-vouchers,Beauty,Flat 7.5% OFF,SCDISR07,Offline
12,standard chartered,Brooks Brothers -Luxe ,https://www.gyftr.com/sc-instavouchers/luxe-gift-card-–-brooks-brothers-gift-vouchers,Fashion,Flat 10% OFF,No promocode,Offline
13,standard chartered,Campus,https://www.gyftr.com/sc-instavouchers/campus-gift-vouchers,Fashion,Flat 10% OFF,SCDISMC10,Offline
14,standard chartered,Candere Diamond Jewellery,https://www.gyftr.com/sc-instavouchers/candere-diamond-jewellery-gift-vouchers,Jewelry,Flat 5% OFF,SCDISPANT5,Online
15,standard chartered,Candere Gold Jewellery,https://www.gyftr.com/sc-instavouchers/candere-gold-jewellery-gift-vouchers,Jewelry,Flat 1% OFF,SCDISM1,Online
16,standard chartered,Celio,https://www.gyftr.com/sc-instavouchers/celio-gift-vouchers,Fashion,Flat 10% OFF,SCDISOC10,Offline
17,standard chartered,Chumbak,https://www.gyftr.com/sc-instavouchers/chumbak-gift-vouchers,Lifestyle,Flat 10% OFF,SCDISC0,Offline
18,standard chartered,Decathlon,https://www.gyftr.com/sc-instavouchers/decathlon-gift-vouchers,Sports & Fitness,Flat 2% OFF,SCDISDECATH0,Online
19,standard chartered,Dune-Luxe ,https://www.gyftr.com/sc-instavouchers/luxe-gift-card--dune-gift-vouchers,Fashion,Flat 10% OFF,No promocode,Offline
20,standard chartered,Elleven,https://www.gyftr.com/sc-instavouchers/elleven-gift-vouchers,Fashion,Flat 7.5% OFF,SCDISR07,Offline
21,standard chartered,Estele,https://www.gyftr.com/sc-instavouchers/estele-gift-vouchers,Fashion,Flat 17.5% OFF,SCESTLE017,Online
22,standard chartered,Euphoria Jewellery Gold Coin,https://www.gyftr.com/sc-instavouchers/euphoria-jewellery-gold-coin-gift-vouchers,Jewelry,Flat 2% OFF,SCDISMB2,Offline
23,standard chartered,Euphoria Jewellery Silver Coin,https://www.gyftr.com/sc-instavouchers/euphoria-jewellery-silver-coin-gift-vouchers,Jewelry,Flat 2% OFF,SCDISMB2,Online
24,standard chartered,Fabindia,https://www.gyftr.com/sc-instavouchers/fabindia-gift-vouchers,Fashion,Flat 3.5% OFF,SCDISFI0,Offline
25,standard chartered,Fashion Factory,https://www.gyftr.com/sc-instavouchers/fashion-factory-gift-vouchers,Fashion,Flat 1% OFF,SCDISM1,Offline
26,standard chartered,Fastrack,https://www.gyftr.com/sc-instavouchers/fastrack-gift-vouchers,Fashion,Flat 12.5% OFF,SCDISF0,Offline
27,standard chartered,Fastrack Bags,https://www.gyftr.com/sc-instavouchers/fastrack-bags-gift-vouchers,Fashion,Flat 12.5% OFF,SCDISF0,Offline
28,standard chartered,Flipkart,https://www.gyftr.com/sc-instavouchers/flipkart-gift-vouchers,Retail,brand voucher flipkart,No Promocode,Online
29,standard chartered,Freecultr,https://www.gyftr.com/sc-instavouchers/freecultr-gift-vouchers,Fashion,Flat 20% OFF,SCDISFC0,Online
30,standard chartered,G-Star-Luxe ,https://www.gyftr.com/sc-instavouchers/luxe-gift-card-–-g-star-raw-gift-vouchers,Fashion,Flat 10% OFF,No promocode,Offline
31,standard chartered,Gas-Luxe ,https://www.gyftr.com/sc-instavouchers/luxe-gift-card-–-gas-gift-vouchers,Fashion,Flat 10% OFF,No promocode,Offline
32,standard chartered,Gini & Jony,https://www.gyftr.com/sc-instavouchers/gini-&-jony-gift-vouchers,Kids,Flat 5% OFF,SCDISGJ0,Offline
33,standard chartered,Giva,https://www.gyftr.com/sc-instavouchers/giva-gift-vouchers,Gifts,Flat 10% OFF,SCDISOC10,Online
34,standard chartered,Grt Jewellers,https://www.gyftr.com/sc-instavouchers/grt-jewellers-gift-vouchers,Jewelry,brand voucher grt jewellers,No Promocode,Offline
35,standard chartered,Hamleys-Luxe ,https://www.gyftr.com/sc-instavouchers/luxe-gift-card-–-hamleys-gift-vouchers,Toys & Games,Flat 10% OFF,No promocode,Offline
36,standard chartered,Helios,https://www.gyftr.com/sc-instavouchers/helios-gift-vouchers,Fashion,Flat 5% OFF,SCDISHELIOS0,Offline
37,standard chartered,Hidesign,https://www.gyftr.com/sc-instavouchers/hidesign-gift-vouchers,Fashion,Flat 5% OFF,SCDISHD5,Offline
38,standard chartered,Hush Puppies,https://www.gyftr.com/sc-instavouchers/hush-puppies-gift-vouchers,Fashion,Flat 12.5% OFF,SCDISNM12,Offline
39,standard chartered,Jack & Jones,https://www.gyftr.com/sc-instavouchers/jack-&-jones-gift-vouchers,Fashion,Flat 5% OFF,SCDISJJ5,Offline
40,standard chartered,Jockey,https://www.gyftr.com/sc-instavouchers/jockey-gift-vouchers,Fashion,Flat 10% OFF,SCDISJO10,Online
41,standard chartered,Kalyan Diamond Jewellery,https://www.gyftr.com/sc-instavouchers/kalyan-diamond-jewellery-gift-vouchers,Jewelry,Flat 1% OFF,SCDISM1,Offline
42,standard chartered,Kalyan Gold Jewellery,https://www.gyftr.com/sc-instavouchers/kalyan-gold-jewellery-gift-vouchers,Jewelry,brand voucher kalyan gold jewellery,No Promocode,Offline
43,standard chartered,Ketan Diamonds Gold Coin,https://www.gyftr.com/sc-instavouchers/ketan-diamonds-gold-coin-gift-vouchers,Jewelry,brand voucher ketan diamonds gold coin,No Promocode,Online
44,standard chartered,Kiehls,https://www.gyftr.com/sc-instavouchers/kiehls-gift-vouchers,Beauty,Flat 2% OFF,SCDISK2,Online
45,standard chartered,Levis,https://www.gyftr.com/sc-instavouchers/levis-gift-vouchers,Fashion,Flat 2.5% OFF,SCDISL02,Offline
46,standard chartered,Lifestyle Online,https://www.gyftr.com/sc-instavouchers/lifestyle-online-gift-vouchers,Retail,Flat 5% OFF,SCDISPANT5,Online
47,standard chartered,Love Beauty & Planet,https://www.gyftr.com/sc-instavouchers/love-beauty-planet-gift-vouchers,Personal Care,Flat 10% OFF,SCDISLBP10,Online
48,standard chartered,Luxe ,https://www.gyftr.com/sc-instavouchers/luxe-gift-card-gift-vouchers,Gifts,Flat 10% OFF,No promocode,Offline
49,standard chartered,Max,https://www.gyftr.com/sc-instavouchers/max-gift-vouchers,Fashion,Flat 6% OFF,SCDISMC6,Offline
50,standard chartered,Max Online,https://www.gyftr.com/sc-instavouchers/max-online-gift-vouchers,Fashion,Flat 6% OFF,SCDISMC6,Online
51,standard chartered,Mothercare-Luxe ,https://www.gyftr.com/sc-instavouchers/luxe-gift-card-–-mothercare-gift-vouchers,Kids,Flat 10% OFF,No promocode,Offline
52,standard chartered,Myntra,https://www.gyftr.com/sc-instavouchers/myntra-gift-vouchers,Fashion,Flat 2.5% OFF,SCDISM2,Online
53,standard chartered,Nykaa,https://www.gyftr.com/sc-instavouchers/nykaa-gift-vouchers,Beauty,Flat 4% OFF,SCDISNYKA4,Online
54,standard chartered,Nykaa Fashion,https://www.gyftr.com/sc-instavouchers/nykaa-fashion-gift-vouchers,Fashion,Flat 4% OFF,SCDISNYKA4,Online
55,standard chartered,Nykaa Man,https://www.gyftr.com/sc-instavouchers/nykaa-man-gift-vouchers,Fashion,Flat 4% OFF,SCDISNYKA4,Online
56,standard chartered,Only,https://www.gyftr.com/sc-instavouchers/only-gift-vouchers,Fashion,Flat 2.5% OFF,SCDISONLY2,Offline
57,standard chartered,Pantaloons,https://www.gyftr.com/sc-instavouchers/pantaloons-gift-vouchers,Fashion,Flat 5% OFF,SCDISPANT5,Offline
58,standard chartered,Pc Jeweller Diamond,https://www.gyftr.com/sc-instavouchers/pc-jeweller-diamond-gift-vouchers,Jewelry,Flat 1% OFF,SCDISM1,Online
59,standard chartered,Pc Jeweller Gold,https://www.gyftr.com/sc-instavouchers/pc-jeweller-gold-gift-vouchers,Jewelry,brand voucher pc jeweller gold,No Promocode,Online
60,standard chartered,Puma,https://www.gyftr.com/sc-instavouchers/puma-gift-vouchers,Fashion,Flat 7.5% OFF,SCDISPUMA07,Offline
61,standard chartered,Relaxo,https://www.gyftr.com/sc-instavouchers/relaxo-gift-vouchers,Fashion,Flat 7.5% OFF,SCDISR07,Offline
62,standard chartered,Reliance Jewels,https://www.gyftr.com/sc-instavouchers/reliance-jewels-gift-vouchers,Jewelry,Flat 1% OFF,SCDISM1,Offline
63,standard chartered,Reliance Smart,https://www.gyftr.com/sc-instavouchers/reliance-smart-gift-vouchers,Retail,Flat 1% OFF,SCDISR1,Offline
64,standard chartered,Reliance Smart Point,https://www.gyftr.com/sc-instavouchers/reliance-smart-point-gift-vouchers,Retail,Flat 1% OFF,SCDISR1,Offline
65,standard chartered,Reliance Trends,https://www.gyftr.com/sc-instavouchers/reliance-trends-gift-vouchers,Fashion,Flat 10% OFF,SCDISR10,Offline
66,standard chartered,Reliance Trends Footwear,https://www.gyftr.com/sc-instavouchers/reliance-trends-footwear-gift-vouchers,Fashion,Flat 10% OFF,SCDISR10,Offline
67,standard chartered,Replay- Luxe ,https://www.gyftr.com/sc-instavouchers/luxe-gift-card--replay-gift-vouchers,Fashion,Flat 10% OFF,No promocode,Offline
68,standard chartered,Shiv Naresh,https://www.gyftr.com/sc-instavouchers/shiv-naresh-gift-vouchers,Fashion,Flat 5% OFF,SCDISSN5,Online
69,standard chartered,Shoppers Stop,https://www.gyftr.com/sc-instavouchers/shoppers-stop-gift-vouchers,Retail,Flat 7.5% OFF,SCDISSS7,Online
70,standard chartered,Simple,https://www.gyftr.com/sc-instavouchers/simple-gift-vouchers,Personal Care,Flat 10% OFF,SCDISSIM10,Online
71,standard chartered,Skechers,https://www.gyftr.com/sc-instavouchers/skechers-gift-vouchers,Fashion,Flat 7.5% OFF,SCDISSKEC7,Online
72,standard chartered,Skinn,https://www.gyftr.com/sc-instavouchers/skinn-gift-vouchers,Fashion,Flat 12.5% OFF,SCDISTS12,Offline
73,standard chartered,Spencer'S Retail,https://www.gyftr.com/sc-instavouchers/spencers-retail-gift-vouchers,Retail,Flat 2.5% OFF,SCDISSR02,Offline
74,standard chartered,Steve Madden-Luxe ,https://www.gyftr.com/sc-instavouchers/luxe-gift-card-–-steve-madden-gift-vouchers,Fashion,Flat 10% OFF,No promocode,Offline
75,standard chartered,Superdry-Luxe ,https://www.gyftr.com/sc-instavouchers/luxe-gift-card-–-superdry-gift-vouchers,Fashion,Flat 10% OFF,No promocode,Offline
76,standard chartered,Tata Cliq,https://www.gyftr.com/sc-instavouchers/tata-cliq-gift-vouchers,Fashion,Flat 2.5% OFF,SCDISTC2,Online
77,standard chartered,Tata Cliq Luxury,https://www.gyftr.com/sc-instavouchers/tata-cliq-luxury-gift-vouchers,Fashion,Flat 2.5% OFF,SCDISM2,Online
78,standard chartered,Tata Cliq Palette,https://www.gyftr.com/sc-instavouchers/tata-cliq-palette-gift-vouchers,Fashion,brand voucher tata cliq palette,No Promocode,Online
79,standard chartered,Tego,https://www.gyftr.com/sc-instavouchers/tego-gift-vouchers,Fashion,Flat 15% OFF,SCDISTEGO0,Online
80,standard chartered,The Body Shop,https://www.gyftr.com/sc-instavouchers/the-body-shop-gift-vouchers,Beauty,Flat 2% OFF,SCDISTBS2,Online
81,standard chartered,The Man Company,https://www.gyftr.com/sc-instavouchers/the-man-company-gift-vouchers,Personal Care,Flat 12.5% OFF,SCDISTMC0,Online
82,standard chartered,The Raymond Shop,https://www.gyftr.com/sc-instavouchers/the-raymond-shop-gift-vouchers,Fashion,brand voucher the raymond shop,No Promocode,Offline
83,standard chartered,Titan,https://www.gyftr.com/sc-instavouchers/titan-gift-vouchers,Fashion,Flat 12.5% OFF,SCDISTIT12,Offline
84,standard chartered,Titan Minimals,https://www.gyftr.com/sc-instavouchers/titan-minimals-gift-vouchers,Fashion,Flat 12.5% OFF,SCDISTM12,Offline
85,standard chartered,Unlimited,https://www.gyftr.com/sc-instavouchers/unlimited-gift-vouchers,Fashion,Flat 7.5% OFF,SCDISUN7,Offline
86,standard chartered,V Mart,https://www.gyftr.com/sc-instavouchers/v-mart-gift-vouchers,Fashion,Flat 7.5% OFF,SCDISVMART0,Offline
87,standard chartered,Veromoda,https://www.gyftr.com/sc-instavouchers/veromoda-gift-vouchers,Fashion,Flat 5% OFF,SCDISVM5,Offline
88,standard chartered,W,https://www.gyftr.com/sc-instavouchers/w-gift-vouchers,Fashion,Flat 7.5% OFF,SCDISW0,Offline
89,standard chartered,Wildcraft,https://www.gyftr.com/sc-instavouchers/wildcraft-gift-vouchers,Fashion,Flat 5% OFF,SCDISW5,Offline
90,standard chartered,William Penn,https://www.gyftr.com/sc-instavouchers/william-penn-gift-vouchers,Stationery,Flat 3.5% OFF,SCDISWP0,Offline
91,standard chartered,Woggles,https://www.gyftr.com/sc-instavouchers/woggles-gift-vouchers,Fashion,Flat 20% OFF,SCALL20,Online
92,standard chartered,Woodland,https://www.gyftr.com/sc-instavouchers/woodland-gift-vouchers,Fashion,Flat 5% OFF,SCDISWL0,Offline
93,standard chartered,American Tourister,https://www.gyftr.com/sc-instavouchers/american-tourister-gift-vouchers,Fashion,Flat 1% OFF,SCAT1,Offline
94,standard chartered,Assembly,https://www.gyftr.com/sc-instavouchers/assembly-gift-vouchers,Fashion,Flat 12.5% OFF,SCDISA00,Online
95,standard chartered,Fab Hotels,https://www.gyftr.com/sc-instavouchers/fab-hotels-gift-vouchers,Hospitality,Flat 10% OFF,SCDISOC10,Online
96,standard chartered,Intermiles,https://www.gyftr.com/sc-instavouchers/intermiles-gift-vouchers,Travel,Flat 15% OFF,SCALL15,Online
97,standard chartered,Irctc,https://www.gyftr.com/sc-instavouchers/irctc-gift-vouchers,Travel,brand voucher irctc,No Promocode,Online
98,standard chartered,Ixigo,https://www.gyftr.com/sc-instavouchers/ixigo-gift-vouchers,Travel,Flat 5% OFF,SCDISPANT5,Online
99,standard chartered,Makemytrip E-Pay,https://www.gyftr.com/sc-instavouchers/makemytrip-e-pay-gift-vouchers,Travel,Flat 3.5% OFF,SCDISMMT3,Online
100,standard chartered,Makemytrip Holiday E-Pay,https://www.gyftr.com/sc-instavouchers/makemytrip-holiday-e-pay-gift-vouchers,Travel,Flat 7.5% OFF,SCDISMM0,Online
101,standard chartered,Makemytrip Hotel E-Pay,https://www.gyftr.com/sc-instavouchers/makemytrip-hotel-e-pay-gift-vouchers,Travel,Flat 7.5% OFF,SCDISMM0,Online
102,standard chartered,Ola Cabs,https://www.gyftr.com/sc-instavouchers/ola-cabs-gift-vouchers,Transportation,Flat 2.5% OFF,SCDISOLA2,Online
103,standard chartered,Points For Good,https://www.gyftr.com/sc-instavouchers/points-for-people-gift-vouchers,Rewards,Flat 1% OFF,SCDISPFG1,Online
104,standard chartered,Samsonite,https://www.gyftr.com/sc-instavouchers/samsonite-gift-vouchers,Fashion,Flat 1% OFF,SCDISSAM1,Offline
105,standard chartered,Taj Experiences,https://www.gyftr.com/sc-instavouchers/taj-hotels-gift-vouchers,Hospitality,Flat 5% OFF,SCDISTAJ5,Offline
106,standard chartered,Uber,https://www.gyftr.com/sc-instavouchers/uber-gift-vouchers,Transportation,brand voucher uber,No Promocode,Online
107,standard chartered,Yatra.Com,https://www.gyftr.com/sc-instavouchers/yatra.com-gift-vouchers,Travel,Flat 5% OFF,SCDISYATRA0,Online
108,standard chartered,Amazon,https://www.gyftr.com/sc-instavouchers/amazon-gift-vouchers,Retail,brand voucher amazon,No Promocode,Online
109,standard chartered,Amazon Fresh,https://www.gyftr.com/sc-instavouchers/amazon-fresh-gift-vouchers,Retail,brand voucher amazon fresh,No Promocode,Online
112,standard chartered,Apollo Pharmacy,https://www.gyftr.com/sc-instavouchers/apollo-pharmacy-gift-vouchers,Healthcare,Flat 5% OFF,SCDISAP0,Online
116,standard chartered,Auric,https://www.gyftr.com/sc-instavouchers/auric-gift-vouchers,Fashion,Flat 35% OFF,SCDISAU0,Online
117,standard chartered,Avast,https://www.gyftr.com/sc-instavouchers/avast-gift-vouchers,Software,Flat 12.5% OFF,SCDISAP012,Online
118,standard chartered,Bakingo,https://www.gyftr.com/sc-instavouchers/bakingo-gift-vouchers,Food,Flat 12.5% OFF,SCDISAP012,Online
123,standard chartered,Bigbasket,https://www.gyftr.com/sc-instavouchers/bigbasket-gift-vouchers,Food & Grocery,brand voucher bigbasket,No Promocode,Online
124,standard chartered,Black + Decker,https://www.gyftr.com/sc-instavouchers/black-decker-gift-vouchers,Home & Garden,Flat 7.5% OFF,SCDISR07,Online
125,standard chartered,Braingymjr,https://www.gyftr.com/sc-instavouchers/braingymjr-gift-vouchers,Toys & Games,Flat 10% OFF,SCDISMC10,Offline
128,standard chartered,Chicago Pizza,https://www.gyftr.com/sc-instavouchers/chicago-pizza-gift-vouchers,Food,Flat 10% OFF,SCDISCP0,Offline
129,standard chartered,Corseca,https://www.gyftr.com/sc-instavouchers/corseca-gift-vouchers,Electronics,Flat 25% OFF,SCDISCOR0,Online
130,standard chartered,Croma,https://www.gyftr.com/sc-instavouchers/croma-gift-vouchers,Electronics,brand voucher croma,No Promocode,Online
131,standard chartered,Daily Objects,https://www.gyftr.com/sc-instavouchers/daily-objects-gift-vouchers,Accessories,Flat 10% OFF,SCDISDO0,Online
133,standard chartered,Discovery Plus,https://www.gyftr.com/sc-instavouchers/discovery-plus-gift-vouchers,Entertainment,Flat 20% OFF,SCDISDP0,Online
134,standard chartered,Docubay,https://www.gyftr.com/sc-instavouchers/docubay-gift-vouchers,Entertainment,Flat 40% OFF,SCALL40,Online
138,standard chartered,Ferns N Petals,https://www.gyftr.com/sc-instavouchers/ferns-n-petals-gift-vouchers,Gifts,Flat 10% OFF,SCDISFNP0,Online
139,standard chartered,Finusmart Easy Cash,https://www.gyftr.com/sc-instavouchers/finusmart-easy-cash-gift-vouchers,Finance,Flat 15% OFF,SCALL15,Offline
140,standard chartered,Fitpass,https://www.gyftr.com/sc-instavouchers/fitpass-gift-vouchers,Health & Fitness,Flat 20% OFF,SCDISFP0,Online
142,standard chartered,Flower Aura,https://www.gyftr.com/sc-instavouchers/flower-aura-gift-vouchers,Gifts,Flat 12.5% OFF,SCDISAP012,Online
144,standard chartered,Gnc,https://www.gyftr.com/sc-instavouchers/gnc-gift-vouchers,Health & Wellness,Flat 10% OFF,SCDISGNC0,Online
145,standard chartered,Hammer,https://www.gyftr.com/sc-instavouchers/hammer-gift-vouchers,Fitness Equipment,Flat 22.5% OFF,SCALL022,Online
146,standard chartered,Healthians,https://www.gyftr.com/sc-instavouchers/healthians-gift-vouchers,Healthcare,Flat 15% OFF,SCDISHEALTH0,Online
147,standard chartered,Healthifyme Smart Plan,https://www.gyftr.com/sc-instavouchers/healthifyme-smart-plan-gift-vouchers,Health & Fitness,Flat 15% OFF,SCDISHM0,Online
148,standard chartered,Healthkart,https://www.gyftr.com/sc-instavouchers/healthkart-gift-vouchers,Health & Fitness,Flat 10% OFF,SCDISMC10,Online
149,standard chartered,Hoichoi,https://www.gyftr.com/sc-instavouchers/hoichoi-gift-vouchers,Entertainment,Flat 15% OFF,SCALL15,Online
150,standard chartered,Home Centre Online,https://www.gyftr.com/sc-instavouchers/home-centre-online-gift-vouchers,Home & Decor,Flat 5% OFF,SCDISPANT5,Online
151,standard chartered,Igp,https://www.gyftr.com/sc-instavouchers/igp-gift-vouchers,Gifts,Flat 15% OFF,SCALL15,Online
159,standard chartered,Mamaearth,https://www.gyftr.com/sc-instavouchers/mamaearth-gift-vouchers,Personal Care,Flat 10% OFF,SCDISMC10,Online
161,standard chartered,Muthoot Gold Voucher,https://www.gyftr.com/sc-instavouchers/muthoot-gold-voucher-gift-vouchers,Finance,brand voucher muthoot gold voucher,No Promocode,Online
162,standard chartered,Mx Player,https://www.gyftr.com/sc-instavouchers/mxplayer-gift-vouchers,Entertainment,Flat 20% OFF,SCDISZEE20,Online
164,standard chartered,Myupchar Medicines,https://www.gyftr.com/sc-instavouchers/myupchar-medicines-gift-vouchers,Healthcare,Flat 1% OFF,SCDISM1,Online
169,standard chartered,Organic India,https://www.gyftr.com/sc-instavouchers/organic-india-gift-vouchers,Health & Wellness,Flat 7.5% OFF,SCDISR07,Offline
171,standard chartered,Pvr,https://www.gyftr.com/sc-instavouchers/pvr-gift-vouchers,Entertainment,Flat 10% OFF,SCDISPVR10,Online
172,standard chartered,Renee Cosmetics,https://www.gyftr.com/sc-instavouchers/renee-cosmetics-gift-vouchers,Beauty,Flat 12.5% OFF,SCDISRC12,Online
175,standard chartered,Skullcandy,https://www.gyftr.com/sc-instavouchers/skullcandy-gift-vouchers,Electronics,Flat 10% OFF,SCDISSC10,Online
176,standard chartered,Smile Foundation,https://www.gyftr.com/sc-instavouchers/smile-foundation-gift-vouchers,Charity,Flat 12.5% OFF,SCDISSF12,Online
177,standard chartered,Sonyliv,https://www.gyftr.com/sc-instavouchers/sonyliv-gift-vouchers,Entertainment,Flat 35% OFF,SCDISSL35,Online
178,standard chartered,Superbottoms,https://www.gyftr.com/sc-instavouchers/superbottoms-gift-vouchers,Baby Products,Flat 10% OFF,SCDISSB10,Online
179,standard chartered,Swiggy Money Voucher,https://www.gyftr.com/sc-instavouchers/swiggy-gv-gift-vouchers,Food,Flat 2.5% OFF,SCDISS2,Online
180,standard chartered,Swiss Beauty,https://www.gyftr.com/sc-instavouchers/swiss-beauty-gift-vouchers,Beauty,brand voucher swiss beauty,No Promocode,Online
185,standard chartered,The Skin Story,https://www.gyftr.com/sc-instavouchers/the-skin-story-gift-vouchers,Beauty,Flat 25% OFF,SCDISTSS0,Online
186,standard chartered,Veridicus,https://www.gyftr.com/sc-instavouchers/veridicus-gift-vouchers,Fashion,Flat 20% OFF,SCALL20,Online
187,standard chartered,Vrott,https://www.gyftr.com/sc-instavouchers/vrott-gift-vouchers,Fashion,Flat 40% OFF,SCALL40,Online
189,standard chartered,Wonderchef,https://www.gyftr.com/sc-instavouchers/wonderchef-gift-vouchers,Home & Kitchen,Flat 12.5% OFF,SCDISAP012,Offline
190,standard chartered,Zomato ,https://www.gyftr.com/sc-instavouchers/zomato-gift-card-gift-vouchers,Food,Flat 1% OFF,No promocode,Online
195,standard chartered,Et Prime Subscription,https://www.gyftr.com/sc-instavouchers/et-prime-subscription-gift-vouchers,Subscription,Flat 40% OFF,SCALL40,Online
201,standard chartered,Zee5,https://www.gyftr.com/sc-instavouchers/zee5-gift-vouchers,Entertainment,Flat 20% OFF,SCDISZEE20,Online
205,standard chartered,Barbeque Nation,https://www.gyftr.com/sc-instavouchers/barbeque-nation-gift-vouchers,Food,Flat 3.5% OFF,SCDISBN0,Offline
206,standard chartered,Baskin Robbins,https://www.gyftr.com/sc-instavouchers/baskin-robbins-gift-vouchers,Food,Flat 10% OFF,SCDISBR0,Offline
207,standard chartered,Beer Cafe,https://www.gyftr.com/sc-instavouchers/beer-cafe-gift-vouchers,Food & Beverage,Flat 5% OFF,SCDISBC5,Offline
208,standard chartered,Cafe Delhi Heights,https://www.gyftr.com/sc-instavouchers/cafe-delhi-heights-gift-vouchers,Food & Beverage,Flat 7.5% OFF,SCDISR07,Offline
210,standard chartered,Costa Coffee,https://www.gyftr.com/sc-instavouchers/costa-coffee-gift-vouchers,Food & Beverage,Flat 2.5% OFF,SCDISM2,Offline
211,standard chartered,Domino'S Pizza,https://www.gyftr.com/sc-instavouchers/dominos-pizza-gift-vouchers,Food,Flat 10% OFF,SCDISOC10,Online
212,standard chartered,Kfc,https://www.gyftr.com/sc-instavouchers/kfc-gift-vouchers,Food,Flat 2.5% OFF,SCDISM2,Online
213,standard chartered,Machaan,https://www.gyftr.com/sc-instavouchers/machaan-gift-vouchers,Food,Flat 10% OFF,SCDISM10,Offline
214,standard chartered,Mainland China,https://www.gyftr.com/sc-instavouchers/mainland-china-gift-vouchers,Food,Flat 10% OFF,SCDISMC10,Offline
215,standard chartered,Oh! Calcutta,https://www.gyftr.com/sc-instavouchers/oh!-calcutta-gift-vouchers,Food,Flat 10% OFF,SCDISOC10,Offline
216,standard chartered,Pizza Hut,https://www.gyftr.com/sc-instavouchers/pizza-hut-gift-vouchers,Food,Flat 2.5% OFF,SCDISM2,Offline
217,standard chartered,Sigree,https://www.gyftr.com/sc-instavouchers/sigree-gift-vouchers,Food,Flat 10% OFF,SCDISS10,Offline
218,standard chartered,Sweet Bengal,https://www.gyftr.com/sc-instavouchers/sweet-bengal-gift-vouchers,Food,Flat 10% OFF,SCDISSB10,Offline
220,standard chartered,Tgif,https://www.gyftr.com/sc-instavouchers/tgif-gift-vouchers,Food & Beverage,Flat 5% OFF,SCDISTGIF5,Offline
225,standard chartered,Amazon Prime Membership,https://www.gyftr.com/sc-instavouchers/amazon-prime-membership-gift-vouchers,Subscription,Flat 12.5% OFF,SCDISAP012,Online
266,standard chartered,Dpauls Travel & Tours,https://www.gyftr.com/sc-instavouchers/dpauls-travel-tours-gift-vouchers,Travel,Flat 5% OFF,SCDISPANT5,Online
298,standard chartered,Home Centre,https://www.gyftr.com/sc-instavouchers/home-centre-gift-vouchers,Home & Decor,Flat 5% OFF,SCDISPANT5,Offline
299,standard chartered,Home Stop,https://www.gyftr.com/sc-instavouchers/home-stop-gift-vouchers,Home & Decor,Flat 7.5% OFF,SCDISHCS07,Offline
309,standard chartered,Kama Ayurveda,https://www.gyftr.com/sc-instavouchers/kama-ayurveda-gift-vouchers,Health & Wellness,Flat 10% OFF,SCDISKA10,Online
330,standard chartered,More,https://www.gyftr.com/sc-instavouchers/more-gift-vouchers,Retail,Flat 1% OFF,SCDISM1,Offline
331,standard chartered,Prestige,https://www.gyftr.com/sc-instavouchers/prestige-gift-vouchers,Home & Kitchen,Flat 7.5% OFF,SCDISPRES07,Online
332,standard chartered,Reliance Jio Mart,https://www.gyftr.com/sc-instavouchers/reliance-jio-mart-gift-vouchers,Retail,Flat 1% OFF,SCDISM1,Online
335,standard chartered,Sleepwell,https://www.gyftr.com/sc-instavouchers/sleepwell-gift-vouchers,Home & Decor,Flat 20% OFF,SCDISZEE20,Offline
352,standard chartered,Netmeds,https://www.gyftr.com/sc-instavouchers/netmeds-gift-vouchers,Healthcare,Flat 12.5% OFF,SCDISNM12,Online
361,standard chartered,Truefitt & Hill,https://www.gyftr.com/sc-instavouchers/truefitt-hill-gift-vouchers,Personal Care,Flat 22.5% OFF,SCALL022,Offline
370,standard chartered,Reliance Digital,https://www.gyftr.com/sc-instavouchers/reliance-digital-gift-vouchers,Electronics,Flat 1% OFF,SCDISR1,Offline
371,standard chartered,Reliance My Jio Store,https://www.gyftr.com/sc-instavouchers/reliance-my-jio-store-gift-vouchers,Retail,Flat 1% OFF,SCDISR1,Offline
373,standard chartered,Vijay Sales,https://www.gyftr.com/sc-instavouchers/vijay-sales-gift-vouchers,Electronics,brand voucher vijay sales,No Promocode,Offline
374,PNB,Beardo,https://offers.pnbcards.in/online-offers/beardo/,Personal Care,Rs. 500 off on a Minimum Purchase Value of Rs. 1400,No Promocode,Online
375,PNB,Netmeds,https://offers.pnbcards.in/online-offers/netmeds-2/,Healthcare,Get Rs. 200 off on Medicine +80% NMS SuperCash,No Promocode,Online
376,PNB,St. Botanica,https://offers.pnbcards.in/online-offers/st-botanica/,Personal Care,Get Rs. 500 off on Minimum Order Value of Rs. 899,No Promocode,Online
377,PNB,Thyrocare,https://offers.pnbcards.in/online-offers/thyrocare/,Healthcare,Get 25% off on Catalogue Rate,No Promocode,Online
378,PNB,Via.Com,https://offers.pnbcards.in/online-offers/via-com/,Travel,"Rs. 500 off on Minimum Billing of Rs. 4500 on Domestic Flights
Rs. 1000 off on Minimum Billing of Rs. 10,000 on International Flights
Rs. 500 off on Minimum Billing of Rs. 4000 on Hotels Booking
Rs. 100 off on Minimum Billing of Rs. 1200 on Bus Booking",No Promocode,Online
379,PNB,Behrouz Biryani,https://offers.pnbcards.in/online-offers/behrouz-biryani/,Food,Get Rs. 120 off on Minimum Order Value of Rs. 249 & Above,No Promocode,Online
380,PNB,Thrive Co,https://offers.pnbcards.in/online-offers/thrive-co-2/,Health & Wellness,Get 15% off on Total Bill,No Promocode,Online
381,PNB,Ixigo,https://offers.pnbcards.in/online-offers/ixigo/,Travel,8% off on Flights upto Rs. 1000,No Promocode,Online
382,PNB,Tata 1Mg,https://offers.pnbcards.in/online-offers/333/,Healthcare,1. Upto 25% off on Prescribed Medicines For New User & Upto 17% off on Prescribed Medicines For Repeat User.,No Promocode,Online
383,PNB,Faasos,https://offers.pnbcards.in/online-offers/faasos/,Food,Get Rs. 120 off on Minimum Order Value of Rs. 249 & Above,No Promocode,Online
384,PNB,Sweet Truth,https://offers.pnbcards.in/online-offers/sweet-truth/,Food,Get Rs. 100 off on Minimum Order Value of Rs. 249 & Above,No Promocode,Online
385,PNB,Onefinerate.Com,https://offers.pnbcards.in/online-offers/onefinerate-com/,Travel,"Get 10% off on Total Bill, Maximum off up to Rs. 1500",No Promocode,Online
386,PNB,Lee,https://offers.pnbcards.in/online-offers/lee/,Fashion,Get 10% off on Total Bill,No Promocode,Online
387,PNB,Itc Store,https://offers.pnbcards.in/online-offers/itc-store/,Retail,Get Additional 25% off on 1st Order,No Promocode,Online
388,PNB,Netmeds,https://offers.pnbcards.in/online-offers/netmeds-3/,Healthcare,Get Rs. 200 off on all Tests and Packages,No Promocode,Online
389,PNB,Ferns N Petals,https://offers.pnbcards.in/online-offers/ferns-n-petals-2/,Gifts,15% off on Minimum Order Value of Rs. 1200,No Promocode,Online
390,PNB,Rapido,https://offers.pnbcards.in/online-offers/rapido/,Transportation,50% off Up to Rs. 20 for new user only,No Promocode,Online
391,PNB,Netmeds,https://offers.pnbcards.in/online-offers/netmeds/,Healthcare,Get 3 Month Free NFM Membership,No Promocode,Online
392,PNB,Myglamm,https://offers.pnbcards.in/online-offers/myglamm/,Beauty,"Get 50% off on Minimum Purchase Value of Rs. 899, Maximum off Rs. 600 on Sitewide",No Promocode,Online
393,PNB,Candy Floss,https://offers.pnbcards.in/online-offers/candy-floss/,Food,"Get 20% off on Perfumes, Candles, Diffusers, Caps, Laundry baskets, Aprons, Personal Care, Cushions",No Promocode,Online
394,PNB,Thrive Co,https://offers.pnbcards.in/online-offers/thrive-co/,Health & Wellness,Get Rs. 350 off on Total Bill,No Promocode,Online
395,PNB,Fabhotels,https://offers.pnbcards.in/online-offers/fabhotels/,Hospitality,"Get Rs. 750 off on Minimum Booking Value of Rs. 1,999 & Above on Stays Across all Properties",No Promocode,Online
396,PNB,Myntra,https://offers.pnbcards.in/online-offers/myntra-2/,Fashion,Rs. 250 off on Minimum Purchase Value of Rs. 1499,No Promocode,Online
397,Indian Overseas Bank,Kalki Fashion,https://www.iob.in/OfferZone.aspx,Fashion,Get 15% off on all transactions at Kalki Fashion online store,No Promocode,Online
398,Indian Overseas Bank,Lifestyle,https://www.iob.in/OfferZone.aspx,Retail,Additional 15% off on a minimum spend of Rs 1999,No Promocode,Online
399,Indian Overseas Bank,Behrouz Biryani,https://www.iob.in/OfferZone.aspx,Food,Get 30% Off upto Rs 125/- on orders above Rs 249/-,No Promocode,Online
400,Indian Overseas Bank,Faasos,https://www.iob.in/OfferZone.aspx,Food,Offer: Get 40% Off upto Rs 110/- on orders above Rs 199/-,No Promocode,Online
401,Indian Overseas Bank,Firangi Bake,https://www.iob.in/OfferZone.aspx,Food,"Offer: Flat 35% off on pastas, lasagne, quesadillas, and more 
",No Promocode,Online
402,Indian Overseas Bank,Sweet Truth,https://www.iob.in/OfferZone.aspx,Food,"Offer: Get 40% Off upto Rs 100/- on orders above Rs 249/-
",No Promocode,Online
403,Indian Overseas Bank,The Good Bowl,https://www.iob.in/OfferZone.aspx,Food,"Offer: Get 40% Off upto Rs 110/- on orders above Rs 199/-
",No Promocode,Online
404,Indian Overseas Bank,The Lunch Box,https://www.iob.in/OfferZone.aspx,Food,Offer: Get 30% Off upto Rs 100/- on orders above Rs 199/- ,No Promocode,Online
405,Indian Overseas Bank,Oven Story ,https://www.iob.in/OfferZone.aspx,Food,Get 50% Off upto Rs 125/- on orders above Rs 249/-,No Promocode,Online
406,Indian Overseas Bank,Eatsure,https://www.iob.in/OfferZone.aspx,Food,Get 30% Off on orders above Rs 249/ at EaSure,No Promocode,Online
407,Indian Overseas Bank,Slay Coffee,https://www.iob.in/OfferZone.aspx,Food & Beverage,Get 30% Off on orders above Rs 199/- at Slay Coffee ,No Promocode,Online
408,Indian Overseas Bank,Ferns And Petals,https://www.iob.in/OfferZone.aspx,Gifts,Flat 20% off on a minimum transaction of Rs 999 at Ferns and Petals online store,No Promocode,Online
409,Indian Overseas Bank,Arata,https://www.iob.in/OfferZone.aspx,Personal Care,Get flat 30% off on zero chemical products at Arata,No Promocode,Online
410,Indian Overseas Bank,Boheco Life,https://www.iob.in/OfferZone.aspx,Health & Wellness,Get 15% off on Boheco Life,No Promocode,Online
411,Indian Overseas Bank,Healthkart,https://www.iob.in/OfferZone.aspx,Health & Fitness,Upto 70% off + Additional 10% off on Healthkart,No Promocode,Online
412,Indian Overseas Bank,Pee Safe,https://www.iob.in/OfferZone.aspx,Personal Care,"FLAT 20% OFF 
Minimum purchase of INR 499",No Promocode,Online
413,Indian Overseas Bank,Cityfurnish,https://www.iob.in/OfferZone.aspx,Furniture,Flat 18% off on every month rent of your first order at City Furnish,No Promocode,Online
414,Indian Overseas Bank,Daily Objects ,https://www.iob.in/OfferZone.aspx,Accessories,Upto 50% off + Additional 30% off at Daily Objects ,No Promocode,Online
415,Indian Overseas Bank,Matrix (Sim Cards),https://www.iob.in/OfferZone.aspx,Telecommunications,Get flat 10% off on Matrix International Sim cards ,No Promocode,Online
416,Indian Overseas Bank,Matrix (Travel Insurance),https://www.iob.in/OfferZone.aspx,Insurance,Get flat 20% off on Travel Insurance,No Promocode,Online
417,Indian Overseas Bank,Hype,https://www.iob.in/OfferZone.aspx,Fashion,"Offer: Get additional 5% off
",No Promocode,Online
418,Indian Overseas Bank,Gostops,https://www.iob.in/OfferZone.aspx,Hospitality,Get 20% off on Short Stay Packages,No Promocode,Online
419,Indian Overseas Bank,Fastrack,https://www.iob.in/OfferZone.aspx,Fashion,Get flat 10% off at Fastrack,No Promocode,Online
420,Indian Overseas Bank,Titan,https://www.iob.in/OfferZone.aspx,Fashion,Get flat 10% off at Titan,No Promocode,Online
421,Indian Overseas Bank,Mcaffeine,https://www.iob.in/OfferZone.aspx,Beauty,Additional 20% Off Sitewide + 10% Cashback ,No Promocode,Online 
422,Indian Overseas Bank,Zingbus,https://www.iob.in/OfferZone.aspx,Transportation,Get 25% OFF on bus tickets ,No Promocode,Online 
423,Indian Overseas Bank,My Fitness,https://www.iob.in/OfferZone.aspx,Health & Fitness,Get upto 33% off + 10% additional off at MYFITNESS Website,No Promocode,Online 
424,Indian Overseas Bank,Macv,https://www.iob.in/OfferZone.aspx,Fashion,Flat 25% off ,No Promocode,Online 
425,Indian Overseas Bank,Body Cupid,https://www.iob.in/OfferZone.aspx,Personal Care,25% Off On Minimum Purchase Of 899 And Above,No Promocode,Online 
426,Indian Overseas Bank,Wow Skin ,https://www.iob.in/OfferZone.aspx,Personal Care,25% Off On Minimum Purchase Of 899 And Above,No Promocode,Online 
427,Indian Overseas Bank,Abhibus,https://www.iob.in/OfferZone.aspx,Transportation,Save Upto Rs.300 On Abhibus Bookings,No Promocode,Online 
428,Indian Overseas Bank,Lo Foods,https://www.iob.in/OfferZone.aspx,Food,25% off on MOV 600/-,No Promocode,Online 
429,Indian Overseas Bank,Fast&Up,https://www.iob.in/OfferZone.aspx,Health & Wellness,Additional 10% Off,No Promocode,Online 
430,Indian Overseas Bank,Holiday Of Dreams,https://www.iob.in/OfferZone.aspx,Travel,Rs. 5000 Off Per Couple / Family” On Booking A Maldives Holiday For 4 Nights Or More.,No Promocode,Online 
431,Indian Overseas Bank,Igp,https://www.iob.in/OfferZone.aspx,Gifts,20% off ,No Promocode,Online 
432,Indian Overseas Bank,Kidzania,https://www.iob.in/OfferZone.aspx,Entertainment,Flat 10% Off on online advance bookings at Kidzania,No Promocode,Online 
433,Indian Overseas Bank,Stayvista,https://www.iob.in/OfferZone.aspx,Hospitality,Get 15% off upto Rs. 5000 bookings with Vista Rooms,No Promocode,Online 
434,Indian Overseas Bank,Beyoung,https://www.iob.in/OfferZone.aspx,Fashion,Flat Rs. 300 Off on a minimum shopping of Rs.1599 at Beyoung Online.,No Promocode,Online 
435,Indian Overseas Bank,Mommypure,https://www.iob.in/OfferZone.aspx,Personal Care,Flat 25% Sitewide Discount,No Promocode,Online 
436,Indian Overseas Bank,Leaf Studios,https://www.iob.in/OfferZone.aspx,Electronics,Flat 30% off on Leaf Headphones and Earphones,No Promocode,Online 
437,Indian Overseas Bank,Edureka,https://www.iob.in/OfferZone.aspx,Education,Get upto 35% off on certification courses,No Promocode,Online
438,Indian Overseas Bank,Giva ,https://www.iob.in/OfferZone.aspx,Gifts,Offer 1:Flat Rs. 200 OFF on a minimum purchase of Rs. 799 Offer 2:Flat Rs. 500 OFF on a minimum purchase of Rs. 1499,No Promocode,Online 
439,Indian Overseas Bank,Zouk,https://www.iob.in/OfferZone.aspx,Fashion,"Offer 1: Buy any Two Zouk Bags and get Flat Rs 400 off 
Offer 2: Flat Rs 400 off on Zouk Footwears
Offer 3: Flat Rs 300 off on Zouk Office Bags & Laptop Bags",No Promocode,Online 
440,Indian Overseas Bank,Medibuddy,https://www.iob.in/OfferZone.aspx,Healthcare,"Offer1: Flat Rs.1000 off on unlimited doctor consultations from MediBuddy Gold across 22+ specialties for your entire family
Unlimited online audio and video consultation with top specialist Doctors across 22+ specialties
Free for a full family, 24*7
Valid for 12 months from the activation date
MRP: Rs.2499
Offer2: Online expert doctor consultation at just Rs.21 (across 18+ specialties)
Consultation with Doctors across 18+ specialties
Offer details: Get free doctor consultation
MRP: Rs.199 to Rs.599
Offer3: Basic Full Body Health Checkup worth Rs.1299 at just Rs.349 (60+ Tests)
Full Body Health Checkup at Rs.349. (60+Tests)
MRP: Rs.1299",No Promocode,Online 
441,Indian Overseas Bank,Skullcandy,https://www.iob.in/OfferZone.aspx,Electronics,FLAT 70 % off ,No Promocode,Online 
442,Indian Overseas Bank,Indus Health Plus ,https://www.iob.in/OfferZone.aspx,Healthcare, 50% off on health checkups,No Promocode,Online 
443,Indian Overseas Bank,Khadi Naturals ,https://www.iob.in/OfferZone.aspx,Personal Care,Flat  35% off ,No Promocode,Online
444,Indian Overseas Bank,Atulya Herbals ,https://www.iob.in/OfferZone.aspx,Personal Care,Flat  35% off ,No Promocode,Online
445,Indian Overseas Bank,Tangyoak,https://www.iob.in/OfferZone.aspx,Food,Flat 30% off on a minimum purchase of Rs. 1999,No Promocode,Online
446,Indian Overseas Bank,Desi Toys ,https://www.iob.in/OfferZone.aspx,Toys & Games,Flat 15% Off Sitewide,No Promocode,Online
447,Indian Overseas Bank,R For Rabbit ,https://www.iob.in/OfferZone.aspx,Baby Products,Flat 7% OFF ,No Promocode,Online
448,Indian Overseas Bank,Clovia,https://www.iob.in/OfferZone.aspx,Fashion,Rs.150 off on a minimum purchase of Rs.899.,No Promocode,Online
449,Indian Overseas Bank,Kapiva,https://www.iob.in/OfferZone.aspx,Health & Wellness,Get Flat 20% off on No MOV,No Promocode,Online
450,Indian Overseas Bank,Rummy Circle ,https://www.iob.in/OfferZone.aspx,Gaming,Get 200% Welcome Bonus upto 3000*: Deposit Min Rs. 50 in your RC Wallet & Get 200% welcome Bonus upto 3000*,No Promocode,Online
451,Indian Overseas Bank,Care Insurance,https://www.iob.in/OfferZone.aspx,Insurance,"E-consulation @ Rs. 499, Discount connect plans starting @ Rs. 249, Hospi Cash @ Rs. 250",No Promocode,Online
452,Indian Overseas Bank,Netmeds,https://www.iob.in/OfferZone.aspx,Healthcare,"Offer 1: 25% off on Prescription meds + 100% NMS Supercash
Offer 2: 22% Discount on prescription meds + 75% NMS Super Cash",No Promocode,Online
453,Indian Overseas Bank,Fitterfly,https://www.iob.in/OfferZone.aspx,Health & Wellness,Claim 30 min Free Nutritionist Consultation + Flat 1000OFF on Diabefly Pro or Flat 750 OFF on Diabefly SMBG & Reset23,No Promocode,Online
454,Indian Overseas Bank,Sonata ,https://www.iob.in/OfferZone.aspx,Fashion,Get 10% Off on minimum cart value of Rs 995,No Promocode,Online
455,Indian Overseas Bank,Uspa,https://www.iob.in/OfferZone.aspx,Fashion,Get Additional 15% OFF on shopping for 2499/- and above,No Promocode,Online
456,Indian Overseas Bank,Nnnow,https://www.iob.in/OfferZone.aspx,Fashion,Get Additional 15% OFF on shopping for 2499/- and above,No Promocode,Online
457,Indian Overseas Bank,Redcliffe Labs,https://www.iob.in/OfferZone.aspx,Healthcare,FLAT 25% OFF on all health checkup packages across Redcliffe web and App,No Promocode,Online
458,Indian Overseas Bank,Simple Skincare,https://www.iob.in/OfferZone.aspx,Personal Care,25% off over and above website offers,No Promocode,Online
459,Indian Overseas Bank,"Love, Beauty & Planet ",https://www.iob.in/OfferZone.aspx,Personal Care,15% off over and above website offers,No Promocode,Online
460,Indian Overseas Bank,Weber® – American Barbecue Grills And Accessories,https://www.iob.in/OfferZone.aspx,Home & Garden,"Get FLAT 20% OFF on MRP across the whole range of grills, accessories and consumables",No Promocode,Online + Offline
461,Indian Overseas Bank,Musafir- Domestic Flight Bookings ,https://www.iob.in/OfferZone.aspx,Travel,Up to Rs 1500 off on domestic flights at Musafir,No Promocode,Online
462,Indian Overseas Bank,Musafir-International Flight Bookings,https://www.iob.in/OfferZone.aspx,Travel,Up to Rs 5000 off on international flights at Musafir,No Promocode,Online
463,Indian Overseas Bank,Musafir-Dubai Visa,https://www.iob.in/OfferZone.aspx,Travel,Flat 5% off on Dubai Visa at Musafir,No Promocode,Online
464,Indian Overseas Bank,Ease My Trip ,https://www.iob.in/OfferZone.aspx,Travel,Get discount upto Rs. 800 on domestic flights on a minimum booking of Rs. 3500,No Promocode,Online
465,Indian Overseas Bank,Ease My Trip ,https://www.iob.in/OfferZone.aspx,Travel,"Rs.1,000 off on min booking amount of Rs.15,000 for International flight.",No Promocode,Online
466,Indian Overseas Bank,Ease My Trip ,https://www.iob.in/OfferZone.aspx,Travel,"Rs.120 off on min booking amount of Rs.1,200 for Bus booking.",No Promocode,Online 
467,Indian Overseas Bank,Ease My Trip ,https://www.iob.in/OfferZone.aspx,Travel,"Rs.500 off on min booking amount of Rs.3,500 for hotel booking",No Promocode,Online
468,Indian Overseas Bank,Acko Insurance,https://www.iob.in/OfferZone.aspx,Insurance,Car Offer: Ride away with 85%* savings on Car Insurance; Bike Offer: Acko Bike Insurance starts at Rs. 555*,No Promocode,Online
469,Indian Overseas Bank,Saffronstays ,https://www.iob.in/OfferZone.aspx,Hospitality,"Offer 1: Book a minimum of 2 nights at SaffronStays and avail a 10% discount upto Rs 7,500*
Offer 2: Book a minimum of 3 nights at SaffronStays and avail a 15% discount upto Rs 15,000*
Offer 3: Book a minimum of 4 nights at SaffronStays and avail a 15% discount upto Rs 20,000*",No Promocode,Online
470,Indian Overseas Bank,Yatra ,https://www.iob.in/OfferZone.aspx,Travel,"Get Convenience Fee Waiver on Domestic Flights, FLAT 12% OFF on Hotel Bookings & FLAT 5% OFF on Holidays",No Promocode,Online 
471,Indian Overseas Bank,Musafir ,https://www.iob.in/OfferZone.aspx,Travel,"Get FLAT 6% OFF on Domestic & International Flights, and FLAT 5%OFF on Dubai Visa",No Promocode,Online 
472,Indian Overseas Bank,Sleepy Owl Coffee,https://www.iob.in/OfferZone.aspx,Food & Beverage,Additional 20% OFF,No Promocode,Online 
473,Indian Overseas Bank,Metro Shoes,https://www.iob.in/OfferZone.aspx,Fashion,Rs 250 off on a minimum of Rs 1000 at Metro Shoes online store,No Promocode,Online
474,Indian Overseas Bank,Mochi Shoes,https://www.iob.in/OfferZone.aspx,Fashion,Rs 250 off on a minimum transaction of Rs 1000 at Mochi Shoes online store ,No Promocode,Online
475,Indian Overseas Bank,Imagicaa,https://www.iob.in/OfferZone.aspx,Entertainment,"Offer 1: Additional 7% off on Theme Park Express tickets on a minimum purchase of ₹10,000
Offer 2: Additional 7% off on Water Park Express ticket tickets on a minimum purchase of ₹7,500",No Promocode,Online 
476,Indian Overseas Bank,Rideev,https://www.iob.in/OfferZone.aspx,Transportation,Get Rs 2000 OFF on 100+ Electric Scooter Models at RideEV,No Promocode,Online 
477,Indian Overseas Bank,Jaipur Rugs ,https://www.iob.in/OfferZone.aspx,Home & Decor,10% OFF ,No Promocode,Online 
478,Indian Overseas Bank,Celio ,https://www.iob.in/OfferZone.aspx,Fashion,Upto 10% Sitewide discount ,No Promocode,Online
479,Indian Overseas Bank,Snitch (Offer 1) ,https://www.iob.in/OfferZone.aspx,Fashion,Additional 20% OFF on a minimum order value of Rs. 1999,No Promocode,Online 
480,Indian Overseas Bank,Tattva Spa ,https://www.iob.in/OfferZone.aspx,Health & Wellness,FLAT 50% OFF on Foot and Head massage,No Promocode,Online 
481,Indian Overseas Bank,Jar ,https://www.iob.in/OfferZone.aspx,Home & Kitchen,Get 4% Additional gold on a minimum transaction of Rs 50.,No Promocode,Online 
482,Indian Overseas Bank,Find Your Happy Place ,https://www.iob.in/OfferZone.aspx,Lifestyle,Upto 35% Off + Additional 15% Off on the purchase on Find Your Happy Place Products,No Promocode,Online 
483,Indian Overseas Bank,Acnesquad ,https://www.iob.in/OfferZone.aspx,Personal Care,Upto 25% Off + Additional 15% Off on the purchase of Acne Squad Products,No Promocode,Online 
484,Indian Overseas Bank,Livspace,https://www.iob.in/OfferZone.aspx,Home & Decor,Flat 10% off ,No Promocode,Online 
485,Indian Overseas Bank,The Man Company,https://www.iob.in/OfferZone.aspx,Personal Care,Get Rs. 200 Off on a minimum order value of Rs. 799,No Promocode,Online 
486,Indian Overseas Bank,Muscletech ,https://www.iob.in/OfferZone.aspx,Health & Fitness,Additional 8% Sitewide discount on Muscletech,No Promocode,Online 
487,Indian Overseas Bank,Cloudtailor ,https://www.iob.in/OfferZone.aspx,Fashion,FLAT 30% off upto Rs. 600 on Stitching Cost,No Promocode,Online 
488,Indian Overseas Bank,Gaana Plus ,https://www.iob.in/OfferZone.aspx,Entertainment,Free 45 days trial,No Promocode,Online 
489,Indian Overseas Bank,Max Online (Offer 1),https://www.iob.in/OfferZone.aspx,Retail,Flat Rs 500 off on orders worth Rs 1999 & above,No Promocode,Online 
490,Indian Overseas Bank,Homecentre (Offer 1),https://www.iob.in/OfferZone.aspx,Home & Decor,"Additional Rs.5000 Off. Valid on Furniture purchases on App or Online on a Minimum Order Value of Rs. 24,999",No Promocode,Online 
491,Indian Overseas Bank,Lenovo (Offer 1),https://www.iob.in/OfferZone.aspx,Electronics,Upto 50% off + Additional Rs 1000 off on Tabs at Lenovo Online Store,No Promocode,Online 
492,Indian Overseas Bank,Lenovo (Offer 2),https://www.iob.in/OfferZone.aspx,Electronics,Upto 30% off + Additional Rs 2000 off on Laptops and PCs at Lenovo online store,No Promocode,Online 
493,Indian Overseas Bank,Boat ,https://www.iob.in/OfferZone.aspx,Electronics,Flat Rs. 300 OFF on Boat Bestdeals collection,No Promocode,Online
494,Indian Overseas Bank,Jivisa ,https://www.iob.in/OfferZone.aspx,Fashion,Flat 30% OFF ,No Promocode,Online 
495,Indian Overseas Bank,Tupperware,https://www.iob.in/OfferZone.aspx,Kitchenware, FLAT 15% OFF on Minimum Cart Value of INR 2000 & above,No Promocode,Online 
496,Indian Overseas Bank,Wendy'S,https://www.iob.in/OfferZone.aspx,Food,Get FLAT Rs 100 OFF on orders worth Rs 249 & above,No Promocode,Online 
497,Indian Overseas Bank,Max Online (Offer 2),https://www.iob.in/OfferZone.aspx,Retail,Flat Rs 250 off on orders worth Rs 1499 & above,No Promocode,Online 
498,Indian Overseas Bank,Koskii ,https://www.iob.in/OfferZone.aspx,Fashion,Get Flat 20% Off for upto Rs.1000 on any purchase on the Koskii Website,No Promocode,Online 
499,Indian Overseas Bank,Knowledge Hut,https://www.iob.in/OfferZone.aspx,Education,20% OFF on all OSL Courses,No Promocode,Online 
500,Indian Overseas Bank,Woggles ,https://www.iob.in/OfferZone.aspx,Fashion,"Offer 1: Additional 20% OFF
Offer 2: Flat Rs. 300 OFF",No Promocode,Online 
501,Indian Overseas Bank,Happinetz ,https://www.iob.in/OfferZone.aspx,Entertainment,Exclusive Launch offer - Flat 35% off on Happinetz box & amp; 6-month free subscription worth Rs 1000.,No Promocode,Online 
502,Indian Overseas Bank,Salty,https://www.iob.in/OfferZone.aspx,Food,"Offer 1: Rs.300 OFF on Minimum Order Value of Rs. 999
Offer 2: Rs.500 OFF on Minimum Order Value of Rs. 1500",No Promocode,Online 
503,Indian Overseas Bank,Plum (Offer 1),https://www.iob.in/OfferZone.aspx,Beauty,Rs. 240 OFF on MInimum Order Value of Rs. 1199,No Promocode,Online 
504,Indian Overseas Bank,Plum (Offer 2),https://www.iob.in/OfferZone.aspx,Beauty,Rs. 200 OFF on MInimum Order Value of Rs. 999,No Promocode,Online 
505,Indian Overseas Bank,Snitch (Offer 2),https://www.iob.in/OfferZone.aspx,Fashion,Flat 15% OFF on MOV of Rs. 1499,No Promocode,Online 
506,Indian Overseas Bank,Meolaa,https://www.iob.in/OfferZone.aspx,Fashion,Flat 15% OFF on Minimum Order Value of Rs. 999,No Promocode,Online 
507,Indian Overseas Bank,Arrow ,https://www.iob.in/OfferZone.aspx,Fashion,Buy for 2499/- and get extra 10% off,No Promocode,Online
508,Indian Overseas Bank,Flying Machine,https://www.iob.in/OfferZone.aspx,Fashion,Buy 2 and get extra 10% off,No Promocode,Online
509,Indian Overseas Bank,Aeropostale,https://www.iob.in/OfferZone.aspx,Fashion,Buy for 1999/- and get extra 15% off,No Promocode,Online
510,Indian Overseas Bank,Donuts,https://www.iob.in/OfferZone.aspx,Food,Buy for 1999/- and get extra 15% off,No Promocode,Online
511,Indian Overseas Bank,Ruggers,https://www.iob.in/OfferZone.aspx,Fashion,Buy for 1999/- and get extra 15% off,No Promocode,Online
512,Indian Overseas Bank,Colt,https://www.iob.in/OfferZone.aspx,Fashion,Buy for 1999/- and get extra 15% off,No Promocode,Online
513,Indian Overseas Bank,Karigari,https://www.iob.in/OfferZone.aspx,Home & Decor,Buy for 1999/- and get extra 15% off,No Promocode,Online
514,Indian Overseas Bank,Anahi,https://www.iob.in/OfferZone.aspx,Fashion,Buy for 1999/- and get extra 15% off,No Promocode,Online
515,Indian Overseas Bank,Sugr,https://www.iob.in/OfferZone.aspx,Food,Buy for 1999/- and get extra 15% off,No Promocode,Online
516,Indian Overseas Bank,Homcentre (Offer 2),https://www.iob.in/OfferZone.aspx,Home & Decor,"Rs.400 Off. Valid on Homeware purchase on App or Website. Min Bill value Rs.2,999 (Private labels only)",No Promocode,Online 
517,Indian Overseas Bank,Happilo ,https://www.iob.in/OfferZone.aspx,Food,Flat 37.5% OFF for Visa Card Customers,No Promocode,Online 
518,Indian Overseas Bank,Myntra (Offer 1),https://www.iob.in/OfferZone.aspx,Fashion,"Offer 1: Additional 10% OFF up to INR 300 on min. cart value of INR 999 
",No Promocode,Online 
519,Indian Overseas Bank,Myntra (Offer 2),https://www.iob.in/OfferZone.aspx,Fashion,"Offer 2: Additional INR 150 OFF on min. cart value of INR 1,099 
",No Promocode,Online 
520,Indian Overseas Bank,Medibuddy,https://www.iob.in/OfferZone.aspx,Healthcare,Full Body Health Checkup worth Rs.1899 at just Rs.649 (80+ Tests),No Promocode,Online 
521,Indian Overseas Bank,Myntra (Offer 3),https://www.iob.in/OfferZone.aspx,Fashion,"Additional INR 250 OFF on min. cart value of INR 1,499",No Promocode,Online 
522,Indian Overseas Bank,Codingal ,https://www.iob.in/OfferZone.aspx,Education,25% discount on any course on Codingal,No Promocode,Online 
523,Indian Overseas Bank,Myglamm,https://www.iob.in/OfferZone.aspx,Beauty,Rs500 off on a spend of Rs 899,No Promocode,Online
524,Indian Overseas Bank,The Moms Co,https://www.iob.in/OfferZone.aspx,Personal Care,"Flat 50%, min txn-499, max dis amt 500",No Promocode,Online
525,Indian Overseas Bank,Mirraw,https://www.iob.in/OfferZone.aspx,Fashion,get 15% off on minimum purchase of Rs. 1499,No Promocode,Online
526,Indian Overseas Bank,Fable Street,https://www.iob.in/OfferZone.aspx,Fashion,Get 20% of on minimum purchase of Rs. 1999,No Promocode,Online
527,Indian Overseas Bank,Pink Fort,https://www.iob.in/OfferZone.aspx,Fashion,Get 20% of on minimum purchase of Rs. 1999,No Promocode,Online
528,Indian Overseas Bank,March Jewellery,https://www.iob.in/OfferZone.aspx,Jewelry,Get Rs. 300 off on Rs. 999,No Promocode,Online
529,Indian Overseas Bank,Healthifyme ,https://www.iob.in/OfferZone.aspx,Health & Fitness,"Offer 1: Additional 5% off on HealthifyMe Foods and Devices 
Offer 2: Additional 10% off on HealthifyMe Services",No Promocode,Online 
530,Indian Overseas Bank,Nutrabay ,https://www.iob.in/OfferZone.aspx,Health & Wellness,"Offer 1: Rs.150 off on First Purchase on a minimum order value of Rs. 749, applicable on Nutrabay range of products 

Offer 2: Rs. 150 off on First Purchase on a minimum order value of Rs. 1499, applicable Sitewide",No Promocode,Online 
531,Indian Overseas Bank,Howard Johnson ,https://www.iob.in/OfferZone.aspx,Hospitality,FLAT 20% OFF on BAR Rates,No Promocode,Online 
532,Indian Overseas Bank,Bhairavgarh Palace,https://www.iob.in/OfferZone.aspx,Hospitality,FLAT 20% OFF on BAR Rates,No Promocode,Online 
533,Indian Overseas Bank,Zooboo,https://www.iob.in/OfferZone.aspx,Entertainment,Free Personalized Storybooks for kids worth Rs.399,No Promocode,Online 
534,Indian Overseas Bank,Mojo Bar ,https://www.iob.in/OfferZone.aspx,Food,Get Additional 25% OFF on orders above Rs. 499,No Promocode,Online 
535,Indian Overseas Bank,Rentomojo ,https://www.iob.in/OfferZone.aspx,Rental Services,Flat 50% off on 2nd month's rent upto Rs. 1000 on a MOV of Rs. 2000,No Promocode,Online 
536,Indian Overseas Bank,Dot & Key ,https://www.iob.in/OfferZone.aspx,Personal Care,Flat 20% Off Sitewide + 5% Prepaid Discount.,No Promocode,Online 
537,Indian Overseas Bank,Mcdelivery (Offer 1) ,https://www.iob.in/OfferZone.aspx,Food,Get a Free McVeggie / McChicken On purchase of ₹ 299.,No Promocode,Online 
538,Indian Overseas Bank,Mcdelivery (Offer 2) ,https://www.iob.in/OfferZone.aspx,Food,Get a Free Medium Fries On Purchase of ₹249.,No Promocode,Online 
539,Indian Overseas Bank,Mcdelivery (Offer 3) ,https://www.iob.in/OfferZone.aspx,Food,Get Big Spicy Paneer Wrap/Big Spicy Chicken Wrap On Purchase of ₹ 399,No Promocode,Online 
540,Indian Overseas Bank,Mcdelivery (Offer 4) ,https://www.iob.in/OfferZone.aspx,Food,Get McSpicy Paneer/McSpicy Chicken Burger On Purchase of ₹ 399.,No Promocode,Online 
541,Indian Overseas Bank,Bewakoof ,https://www.iob.in/OfferZone.aspx,Fashion,15% off on a minimum transaction of Rs 499 at Bewakoof,No Promocode,Online 
542,Indian Overseas Bank,Zee5,https://www.iob.in/OfferZone.aspx,Entertainment,FLAT 15% OFF on ZEE5 Premium HD and ZEE5 Premium 4K Annual Pack,No Promocode,Online 
543,Indian Overseas Bank,Foxtale ,https://www.iob.in/OfferZone.aspx,Entertainment,Flat 20% off on orders above 899,No Promocode,Online 
544,Indian Overseas Bank,  Kiro Beauty ,https://www.iob.in/OfferZone.aspx,Personal Care,Flat 20% sitewide discount ,No Promocode,Online 
545,Indian Overseas Bank,Juicy Chemistry ,https://www.iob.in/OfferZone.aspx,Personal Care,Additional 5% Off ,No Promocode,Online 
