,Bank Name,Merchant Name,Link to offer on Bank site (for reference),Category,Offer title (if available),Start date,End date,Detailed offer text (if available),Logo link,Offer image,Redeem link,Promo code (if available),Online/ Offline,"If offline, cities"
0,,Kalki Fashion,Kalki Fashion,Apparel ,,,15th September 2024,Get 15% off on all transactions at Kalki Fashion online store,,,https://www.visa.co.in/en_in/visa-offers-and-perks/kalki-fashion/148520,,Online,
1,,Lifestyle,Lifestyle,Apparel ,,,15th September 2024,Additional 15% off on a minimum spend of Rs 1999,,,https://www.visa.co.in/en_in/visa-offers-and-perks/lifestyle-landmark-group/146532,,Online,
2,,Behrouz Biryani,Behrouz Biryani,Dining ,,,15th September 2024,Get 30% Off upto Rs 125/- on orders above Rs 249/-,,,https://www.visa.co.in/en_in/visa-offers-and-perks/behrouz-biryani/146163,,Online,
3,,Faasos,Faasos,Dining ,,,15th September 2024,Offer: Get 40% Off upto Rs 110/- on orders above Rs 199/-,,,https://www.visa.co.in/en_in/visa-offers-and-perks/faasos/148521,,Online,
4,,Firangi Bake,Firangi Bake,Dining ,,,15th September 2024,"Offer: Flat 35% off on pastas, lasagne, quesadillas, and more 
",,,https://www.visa.co.in/en_in/visa-offers-and-perks/firangi-bake/146173,,Online,
5,,Sweet Truth,Sweet Truth,Dining ,,,15th September 2024,"Offer: Get 40% Off upto Rs 100/- on orders above Rs 249/-
",,,https://visa.co.in/en_in/visa-offers-and-perks/sweet-truth/146176,,Online,
6,,The Good Bowl,The Good Bowl,Dining ,,,15th September 2024,"Offer: Get 40% Off upto Rs 110/- on orders above Rs 199/-
",,,https://www.visa.co.in/en_in/visa-offers-and-perks/the-good-bowl/146175,,Online,
7,,The Lunch Box,The Lunch Box,Dining ,,,15th September 2024,Offer: Get 30% Off upto Rs 100/- on orders above Rs 199/- ,,,https://www.visa.co.in/en_in/visa-offers-and-perks/the-lunch-box/146177,,Online,
8,,Oven Story ,Oven Story ,Dining ,,,15th September 2024,Get 50% Off upto Rs 125/- on orders above Rs 249/-,,,https://www.visa.co.in/en_in/visa-offers-and-perks/oven-story/146172,,Online,
9,,EatSure,EatSure,Dining ,,,15th September 2024,Get 30% Off on orders above Rs 249/ at EaSure,,,https://www.visa.co.in/en_in/visa-offers-and-perks/eatsure/146915,,Online,
10,,Slay Coffee,Slay Coffee,Dining ,,,15th September 2024,Get 30% Off on orders above Rs 199/- at Slay Coffee ,,,https://www.visa.co.in/en_in/visa-offers-and-perks/slay-coffee/146871,,Online,
11,,Ferns and Petals,Ferns and Petals,Others ,,,31st March 2024,Flat 20% off on a minimum transaction of Rs 999 at Ferns and Petals online store,,,https://www.visa.co.in/en_in/visa-offers-and-perks/ferns-n-petals/153557,,Online,
12,,Arata,Arata,Health & Wellness,,,15th September 2024,Get flat 30% off on zero chemical products at Arata,,,https://www.visa.co.in/en_in/visa-offers-and-perks/arata/138652,,Online,
13,,Boheco Life,Boheco Life,Health & Wellness,,,15th September 2024,Get 15% off on Boheco Life,,,https://www.visa.co.in/en_in/visa-offers-and-perks/boheco-life/138648,,Online,
14,,Healthkart,Healthkart,Health & Wellness,,,15th September 2024,Upto 70% off + Additional 10% off on Healthkart,,,https://www.visa.co.in/en_in/visa-offers-and-perks/healthkart/142757,,Online,
15,,Pee Safe,Pee Safe,Health & Wellness,,,15th September 2024,"FLAT 20% OFF 
Minimum purchase of INR 499",,,https://www.visa.co.in/en_in/visa-offers-and-perks/pee-safe/148529,,Online,
16,,CityFurnish,CityFurnish,Home,,,15th September 2024,Flat 18% off on every month rent of your first order at City Furnish,,,https://www.visa.co.in/en_in/visa-offers-and-perks/cityfurnish/146885,,Online,
17,,Daily Objects ,Daily Objects ,Lifestyle ,,,15th September 2024,Upto 50% off + Additional 30% off at Daily Objects ,,,https://www.visa.co.in/en_in/visa-offers-and-perks/daily-objects/148537,,Online,
18,,Matrix (Sim Cards),Matrix (Sim Cards),Travel,,,15th September 2024,Get flat 10% off on Matrix International Sim cards ,,,https://www.visa.co.in/en_in/visa-offers-and-perks/matrix-sim-cards/148546,,Online,
19,,Matrix (Travel Insurance),Matrix (Travel Insurance),Travel,,,15th September 2024,Get flat 20% off on Travel Insurance,,,https://www.visa.co.in/en_in/visa-offers-and-perks/matrix-travel-insurance/148547,,Online,
20,,Hype,Hype,Travel,,,15th September 2024,"Offer: Get additional 5% off
",,,https://www.visa.co.in/en_in/visa-offers-and-perks/hype/156422,,Online,
21,,Gostops,Gostops,Travel,,,15th September 2024,Get 20% off on Short Stay Packages,,,https://www.visa.co.in/en_in/visa-offers-and-perks/go-stops/156424,,Online,
22,,Fastrack,Fastrack,Accessories,,,15th September 2024,Get flat 10% off at Fastrack,,,https://www.visa.co.in/en_in/visa-offers-and-perks/fastrack/153526,,Online,
23,,Titan,Titan,Accessories,,,15th September 2024,Get flat 10% off at Titan,,,https://www.visa.co.in/en_in/visa-offers-and-perks/titan/153527,,Online,
24,,mCaffeine,mCaffeine,Health & Wellness,,,15th September 2024,Additional 20% Off Sitewide + 10% Cashback ,,,https://www.visa.co.in/en_in/visa-offers-and-perks/mcaffeine/148500,,Online ,
25,,Zingbus,Zingbus,Travel,,,15th September 2024,Get 25% OFF on bus tickets ,,,https://www.visa.co.in/en_in/visa-offers-and-perks/zingbus/148501,,Online ,
26,,My Fitness,My Fitness,Health & Wellness,,,15th September 2024,Get upto 33% off + 10% additional off at MYFITNESS Website,,,https://www.visa.co.in/en_in/visa-offers-and-perks/my-fitness/148519,,Online ,
27,,MacV,MacV,Accessories,,,15th September 2024,Flat 25% off ,,,https://www.visa.co.in/en_in/visa-offers-and-perks/macv/148613,,Online ,
28,,Body Cupid,Body Cupid,Health & Wellness,,,15th September 2024,25% Off On Minimum Purchase Of 899 And Above,,,https://www.visa.co.in/en_in/visa-offers-and-perks/body-cupid/148612,,Online ,
29,,Wow Skin ,Wow Skin ,Health & Wellness,,,15th September 2024,25% Off On Minimum Purchase Of 899 And Above,,,https://www.visa.co.in/en_in/visa-offers-and-perks/wow-skin-science/148607,,Online ,
30,,Abhibus,Abhibus,Travel,,,15th September 2024,Save Upto Rs.300 On Abhibus Bookings,,,https://www.visa.co.in/en_in/visa-offers-and-perks/abhibus/148603,,Online ,
31,,Lo Foods,Lo Foods,Dining ,,,15th September 2024,25% off on MOV 600/-,,,https://www.visa.co.in/en_in/visa-offers-and-perks/lo-foods/148602,,Online ,
32,,Fast&Up,Fast&Up,Health & Wellness,,,15th September 2024,Additional 10% Off,,,https://www.visa.co.in/en_in/visa-offers-and-perks/fast-up/148595,,Online ,
33,,Holiday of Dreams,Holiday of Dreams,Travel,,,15th September 2024,Rs. 5000 Off Per Couple / Family” On Booking A Maldives Holiday For 4 Nights Or More.,,,https://www.visa.co.in/en_in/visa-offers-and-perks/holiday-of-dreams/148560,,Online ,
34,,IGP,IGP,Others ,,,15th September 2024,20% off ,,,https://www.visa.co.in/en_in/visa-offers-and-perks/igp/143562,,Online ,
35,,Kidzania,Kidzania,Entertainment,,,15th September 2024,Flat 10% Off on online advance bookings at Kidzania,,,https://www.visa.co.in/en_in/visa-offers-and-perks/kidzania/148739,,Online ,
36,,Stayvista,Stayvista,Travel,,,15th September 2024,Get 15% off upto Rs. 5000 bookings with Vista Rooms,,,https://www.visa.co.in/en_in/visa-offers-and-perks/vista-rooms/148737,,Online ,
37,,Beyoung,Beyoung,Apparel ,,,15th September 2024,Flat Rs. 300 Off on a minimum shopping of Rs.1599 at Beyoung Online.,,,https://www.visa.co.in/en_in/visa-offers-and-perks/beyoung/148517,,Online ,
38,,Mommypure,Mommypure,Kids,,,15th September 2024,Flat 25% Sitewide Discount,,,https://www.visa.co.in/en_in/visa-offers-and-perks/mommypure/148615,,Online ,
39,,Leaf Studios,Leaf Studios,Lifestyle ,,,15th September 2024,Flat 30% off on Leaf Headphones and Earphones,,,https://www.visa.co.in/en_in/visa-offers-and-perks/leaf-studios/156308,,Online ,
40,,Edureka,Edureka,Education & Upskilling ,,,15th September 2024,Get upto 35% off on certification courses,,,https://www.visa.co.in/en_in/visa-offers-and-perks/edureka/147772,,Online,
41,,Giva ,Giva ,Accessories,,,15th September 2024,Offer 1:Flat Rs. 200 OFF on a minimum purchase of Rs. 799 Offer 2:Flat Rs. 500 OFF on a minimum purchase of Rs. 1499,,,https://www.visa.co.in/en_in/visa-offers-and-perks/giva-jewellery/150623,,Online ,
42,,Zouk,Zouk,Accessories,,,15th September 2024,"Offer 1: Buy any Two Zouk Bags and get Flat Rs 400 off 
Offer 2: Flat Rs 400 off on Zouk Footwears
Offer 3: Flat Rs 300 off on Zouk Office Bags & Laptop Bags",,,https://www.visa.co.in/en_in/visa-offers-and-perks/zouk/150625,,Online ,
43,,Medibuddy,Medibuddy,Health & Wellness,,,15th September 2024,"Offer1: Flat Rs.1000 off on unlimited doctor consultations from MediBuddy Gold across 22+ specialties for your entire family
Unlimited online audio and video consultation with top specialist Doctors across 22+ specialties
Free for a full family, 24*7
Valid for 12 months from the activation date
MRP: Rs.2499
Offer2: Online expert doctor consultation at just Rs.21 (across 18+ specialties)
Consultation with Doctors across 18+ specialties
Offer details: Get free doctor consultation
MRP: Rs.199 to Rs.599
Offer3: Basic Full Body Health Checkup worth Rs.1299 at just Rs.349 (60+ Tests)
Full Body Health Checkup at Rs.349. (60+Tests)
MRP: Rs.1299",,,https://www.visa.co.in/en_in/visa-offers-and-perks/medibuddy/150633,,Online ,
44,,Skullcandy,Skullcandy,Lifestyle ,,,31st March 2024,FLAT 70 % off ,,,https://www.visa.co.in/en_in/visa-offers-and-perks/skullcandy/148611,,Online ,
45,,Indus Health Plus ,Indus Health Plus ,Health & Wellness,,,15th September 2024, 50% off on health checkups,,,https://www.visa.co.in/en_in/visa-offers-and-perks/indus-health-plus/149031,,Online ,
46,,Khadi Naturals ,Khadi Naturals ,Health & Wellness,,,15th September 2024,Flat  35% off ,,,https://www.visa.co.in/en_in/visa-offers-and-perks/khadi-natural/148570,,Online,
47,,Atulya Herbals ,Atulya Herbals ,Health & Wellness,,,15th September 2024,Flat  35% off ,,,https://www.visa.co.in/en_in/visa-offers-and-perks/atulya-herbals/148574,,Online,
48,,TangyOak,TangyOak,Home,,,15th September 2024,Flat 30% off on a minimum purchase of Rs. 1999,,,https://www.visa.co.in/en_in/visa-offers-and-perks/tangy-oak/148515,,Online,
49,,Desi Toys ,Desi Toys ,Kids,,,15th September 2024,Flat 15% Off Sitewide,,,https://www.visa.co.in/en_in/visa-offers-and-perks/desi-toys/148583,,Online,
50,,R for Rabbit ,R for Rabbit ,Kids,,,15th September 2024,Flat 7% OFF ,,,https://www.visa.co.in/en_in/visa-offers-and-perks/r-for-rabbit/148506,,Online,
51,,Clovia,Clovia,Apparel ,,,15th September 2024,Rs.150 off on a minimum purchase of Rs.899.,,,https://www.visa.co.in/en_in/visa-offers-and-perks/clovia/151605,,Online,
52,,Kapiva,Kapiva,Health & Wellness,,,15th September 2024,Get Flat 20% off on No MOV,,,https://www.visa.co.in/en_in/visa-offers-and-perks/kapiva/151606,,Online,
53,,Rummy Circle ,Rummy Circle ,Entertainment,,,15th September 2024,Get 200% Welcome Bonus upto 3000*: Deposit Min Rs. 50 in your RC Wallet & Get 200% welcome Bonus upto 3000*,,,https://www.visa.co.in/en_in/visa-offers-and-perks/rummycircle/151614,,Online,
54,,Care Insurance,Care Insurance,Health & Wellness,,,15th September 2024,"E-consulation @ Rs. 499, Discount connect plans starting @ Rs. 249, Hospi Cash @ Rs. 250",,,https://www.visa.co.in/en_in/visa-offers-and-perks/care-health-insurance/151607,,Online,
55,,Netmeds,Netmeds,Health & Wellness,,,15th September 2024,"Offer 1: 25% off on Prescription meds + 100% NMS Supercash
Offer 2: 22% Discount on prescription meds + 75% NMS Super Cash",,,https://www.visa.co.in/en_in/visa-offers-and-perks/netmeds/153428,,Online,
56,,Fitterfly,Fitterfly,Health & Wellness,,,15th September 2024,Claim 30 min Free Nutritionist Consultation + Flat 1000OFF on Diabefly Pro or Flat 750 OFF on Diabefly SMBG & Reset23,,,https://www.visa.co.in/en_in/visa-offers-and-perks/fitterfly/151612,,Online,
57,,Sonata ,Sonata ,Lifestyle ,,,15th September 2024,Get 10% Off on minimum cart value of Rs 995,,,https://www.visa.co.in/en_in/visa-offers-and-perks/sonata/151617,,Online,
58,,USPA,USPA,Apparel ,,,15th September 2024,Get Additional 15% OFF on shopping for 2499/- and above,,,https://www.visa.co.in/en_in/visa-offers-and-perks/uspa/151620,,Online,
59,,Nnnow,Nnnow,Apparel ,,,15th September 2024,Get Additional 15% OFF on shopping for 2499/- and above,,,https://www.visa.co.in/en_in/visa-offers-and-perks/nnnow/151613,,Online,
60,,Redcliffe Labs,Redcliffe Labs,Health & Wellness,,,15th September 2024,FLAT 25% OFF on all health checkup packages across Redcliffe web and App,,,https://www.visa.co.in/en_in/visa-offers-and-perks/redcliffee-labs/151621,,Online,
61,,Simple Skincare,Simple Skincare,Health & Wellness,,,15th September 2024,25% off over and above website offers,,,https://www.visa.co.in/en_in/visa-offers-and-perks/simple-skincare/151624,,Online,
62,,"Love, Beauty & Planet ","Love, Beauty & Planet ",Health & Wellness,,,15th September 2024,15% off over and above website offers,,,https://www.visa.co.in/en_in/visa-offers-and-perks/love-beauty-planet/151673,,Online,
63,,Weber® – American barbecue grills and accessories,Weber® – American barbecue grills and accessories,Home,,,15th September 2024,"Get FLAT 20% OFF on MRP across the whole range of grills, accessories and consumables",,,https://www.visa.co.in/en_in/visa-offers-and-perks/weber/151676,,Online + Offline,
64,,Musafir- Domestic Flight Bookings ,Musafir- Domestic Flight Bookings ,Travel,,,15th September 2024,Up to Rs 1500 off on domestic flights at Musafir,,,https://www.visa.co.in/en_in/visa-offers-and-perks/musafircom/156322,,Online,
65,,Musafir-International Flight Bookings,Musafir-International Flight Bookings,Travel,,,15th September 2024,Up to Rs 5000 off on international flights at Musafir,,,https://www.visa.co.in/en_in/visa-offers-and-perks/musafircom/156324,,Online,
66,,Musafir-Dubai Visa,Musafir-Dubai Visa,Travel,,,15th September 2024,Flat 5% off on Dubai Visa at Musafir,,,https://www.visa.co.in/en_in/visa-offers-and-perks/musafircom/156328,,Online,
67,,Ease my Trip ,Ease my Trip ,Travel,,,31st March 2024,Get discount upto Rs. 800 on domestic flights on a minimum booking of Rs. 3500,,,https://www.visa.co.in/en_in/visa-offers-and-perks/ease-my-trip/156560,,Online,
68,,Ease my Trip ,Ease my Trip ,Travel,,,31st March 2024,"Rs.1,000 off on min booking amount of Rs.15,000 for International flight.",,,https://www.visa.co.in/en_in/visa-offers-and-perks/ease-my-trip/156562,,Online,
69,,Ease my Trip ,Ease my Trip ,Travel,,,31st March 2024,"Rs.120 off on min booking amount of Rs.1,200 for Bus booking.",,,https://www.visa.co.in/en_in/visa-offers-and-perks/ease-my-trip/156564,,Online ,
70,,Ease my Trip ,Ease my Trip ,Travel,,,31st March 2024,"Rs.500 off on min booking amount of Rs.3,500 for hotel booking",,,https://www.visa.co.in/en_in/visa-offers-and-perks/ease-my-trip/148889,,Online,
71,,Acko Insurance,Acko Insurance,Others ,,,15th September 2024,Car Offer: Ride away with 85%* savings on Car Insurance; Bike Offer: Acko Bike Insurance starts at Rs. 555*,,,https://www.visa.co.in/en_in/visa-offers-and-perks/acko-insurance/156310,,Online,
72,,SaffronStays ,SaffronStays ,Travel,,,15th September 2024,"Offer 1: Book a minimum of 2 nights at SaffronStays and avail a 10% discount upto Rs 7,500*
Offer 2: Book a minimum of 3 nights at SaffronStays and avail a 15% discount upto Rs 15,000*
Offer 3: Book a minimum of 4 nights at SaffronStays and avail a 15% discount upto Rs 20,000*",,,https://www.visa.co.in/en_in/visa-offers-and-perks/saffronstays/157536,,Online,
73,,Yatra ,Yatra ,Travel,,,15th September 2024,"Get Convenience Fee Waiver on Domestic Flights, FLAT 12% OFF on Hotel Bookings & FLAT 5% OFF on Holidays",,,https://www.visa.co.in/en_in/visa-offers-and-perks/yatra/152362,,Online ,
74,,Musafir ,Musafir ,Travel,,,15th September 2024,"Get FLAT 6% OFF on Domestic & International Flights, and FLAT 5%OFF on Dubai Visa",,,https://www.visa.co.in/en_in/visa-offers-and-perks/musafircom/152399,,Online ,
75,,Sleepy Owl Coffee,Sleepy Owl Coffee,Dining ,,,15th September 2024,Additional 20% OFF,,,https://www.visa.co.in/en_in/visa-offers-and-perks/sleepy-owl-coffee/153427,,Online ,
76,,Metro Shoes,Metro Shoes,Footwear,,,15th September 2024,Rs 250 off on a minimum of Rs 1000 at Metro Shoes online store,,,https://www.visa.co.in/en_in/visa-offers-and-perks/metro-shoes/153554,,Online,
77,,Mochi Shoes,Mochi Shoes,Footwear,,,15th September 2024,Rs 250 off on a minimum transaction of Rs 1000 at Mochi Shoes online store ,,,https://www.visa.co.in/en_in/visa-offers-and-perks/mochi-shoes/153555,,Online,
78,,Imagicaa,Imagicaa,Entertainment,,,31st March 2024,"Offer 1: Additional 7% off on Theme Park Express tickets on a minimum purchase of ₹10,000
Offer 2: Additional 7% off on Water Park Express ticket tickets on a minimum purchase of ₹7,500",,,https://www.visa.co.in/en_in/visa-offers-and-perks/imagica/148740,,Online ,
79,,RideEV,RideEV,Others ,,,15th September 2024,Get Rs 2000 OFF on 100+ Electric Scooter Models at RideEV,,,https://www.visa.co.in/en_in/visa-offers-and-perks/rideev/153540,,Online ,
80,,Jaipur Rugs ,Jaipur Rugs ,Lifestyle ,,,15th September 2024,10% OFF ,,,https://www.visa.co.in/en_in/visa-offers-and-perks/jaipur-rugs/153876,,Online ,
81,,Celio ,Celio ,Apparel ,,,15th September 2024,Upto 10% Sitewide discount ,,,https://www.visa.co.in/en_in/visa-offers-and-perks/celio/154314,,Online,
82,,Snitch (Offer 1) ,Snitch (Offer 1) ,Apparel ,,,15th September 2024,Additional 20% OFF on a minimum order value of Rs. 1999,,,https://www.visa.co.in/en_in/visa-offers-and-perks/snitch/154456,,Online ,
83,,Tattva Spa ,Tattva Spa ,Health & Wellness,,,31st March 2024,FLAT 50% OFF on Foot and Head massage,,,https://www.visa.co.in/en_in/visa-offers-and-perks/tattva-spa/154455,,Online ,
84,,Jar ,Jar ,Others ,,,15th September 2024,Get 4% Additional gold on a minimum transaction of Rs 50.,,,https://www.visa.co.in/en_in/visa-offers-and-perks/my-jar/154454,,Online ,
85,,Find Your Happy Place ,Find Your Happy Place ,Health & Wellness,,,15th September 2024,Upto 35% Off + Additional 15% Off on the purchase on Find Your Happy Place Products,,,https://www.visa.co.in/en_in/visa-offers-and-perks/find-your-happy-place/154418,,Online ,
86,,Acnesquad ,Acnesquad ,Health & Wellness,,,15th September 2024,Upto 25% Off + Additional 15% Off on the purchase of Acne Squad Products,,,https://www.visa.co.in/en_in/visa-offers-and-perks/acne-squad/154417,,Online ,
87,,Livspace,Livspace,Home,,,31st March 2024,Flat 10% off ,,,https://www.visa.co.in/en_in/visa-offers-and-perks/livspace/153528,,Online ,
88,,The Man Company,The Man Company,Health & Wellness,,,31st March 2024,Get Rs. 200 Off on a minimum order value of Rs. 799,,,https://www.visa.co.in/en_in/visa-offers-and-perks/the-man-company/154375,,Online ,
89,,Muscletech ,Muscletech ,Health & Wellness,,,15th September 2024,Additional 8% Sitewide discount on Muscletech,,,https://www.visa.co.in/en_in/visa-offers-and-perks/muscletech/154461,,Online ,
90,,Cloudtailor ,Cloudtailor ,Apparel ,,,15th September 2024,FLAT 30% off upto Rs. 600 on Stitching Cost,,,https://www.visa.co.in/en_in/visa-offers-and-perks/cloudtailor/154462,,Online ,
91,,Gaana Plus ,Gaana Plus ,Entertainment,,,15th September 2024,Free 45 days trial,,,https://www.visa.co.in/en_in/visa-offers-and-perks/gaana-plus/154537,,Online ,
92,,Max Online (Offer 1),Max Online (Offer 1),Apparel ,,,31st March 2024,Flat Rs 500 off on orders worth Rs 1999 & above,,,https://www.visa.co.in/en_in/visa-offers-and-perks/max-fashion/154538,,Online ,
93,,Homecentre (Offer 1),Homecentre (Offer 1),Home,,,31st March 2024,"Additional Rs.5000 Off. Valid on Furniture purchases on App or Online on a Minimum Order Value of Rs. 24,999",,,https://www.visa.co.in/en_in/visa-offers-and-perks/homecentre/154539,,Online ,
94,,Lenovo (Offer 1),Lenovo (Offer 1),Others ,,,30th September 2024,Upto 50% off + Additional Rs 1000 off on Tabs at Lenovo Online Store,,,https://www.visa.co.in/en_in/visa-offers-and-perks/lenovo/153430,,Online ,
95,,Lenovo (Offer 2),Lenovo (Offer 2),Others ,,,30th September 2024,Upto 30% off + Additional Rs 2000 off on Laptops and PCs at Lenovo online store,,,https://www.visa.co.in/en_in/visa-offers-and-perks/lenovo/153431,,Online ,
96,,Boat ,Boat ,Accessories,,,15th September 2024,Flat Rs. 300 OFF on Boat Bestdeals collection,,,https://www.visa.co.in/en_in/visa-offers-and-perks/boat/142525,,Online,
97,,Jivisa ,Jivisa ,Health & Wellness,,,15th September 2024,Flat 30% OFF ,,,https://www.visa.co.in/en_in/visa-offers-and-perks/jivisa/156372,,Online ,
98,,Tupperware,Tupperware,Home,,,15th September 2024, FLAT 15% OFF on Minimum Cart Value of INR 2000 & above,,,https://www.visa.co.in/en_in/visa-offers-and-perks/tupperware/156466,,Online ,
99,,Wendy's,Wendy's,Dining ,,,15th September 2024,Get FLAT Rs 100 OFF on orders worth Rs 249 & above,,,https://www.visa.co.in/en_in/visa-offers-and-perks/wendys/156468,,Online ,
100,,Max Online (Offer 2),Max Online (Offer 2),Apparel ,,,31st March 2024,Flat Rs 250 off on orders worth Rs 1499 & above,,,https://www.visa.co.in/en_in/visa-offers-and-perks/koskii/156472,,Online ,
101,,Koskii ,Koskii ,Apparel ,,,15th September 2024,Get Flat 20% Off for upto Rs.1000 on any purchase on the Koskii Website,,,https://www.visa.co.in/en_in/visa-offers-and-perks/koskii/156472,,Online ,
102,,Knowledge Hut,Knowledge Hut,Education & Upskilling ,,,15th September 2024,20% OFF on all OSL Courses,,,https://www.visa.co.in/en_in/visa-offers-and-perks/knowledge-hut/156476,,Online ,
103,,Woggles ,Woggles ,Accessories,,,15th September 2024,"Offer 1: Additional 20% OFF
Offer 2: Flat Rs. 300 OFF",,,https://www.visa.co.in/en_in/visa-offers-and-perks/woggles/156478,,Online ,
104,,Happinetz ,Happinetz ,Others ,,,15th September 2024,Exclusive Launch offer - Flat 35% off on Happinetz box & amp; 6-month free subscription worth Rs 1000.,,,https://www.visa.co.in/en_in/visa-offers-and-perks/happinetz/156480,,Online ,
105,,Salty,Salty,Accessories,,,15th September 2024,"Offer 1: Rs.300 OFF on Minimum Order Value of Rs. 999
Offer 2: Rs.500 OFF on Minimum Order Value of Rs. 1500",,,"1. https://www.visa.co.in/en_in/visa-offers-and-perks/salty-accessories/156484
2. https://www.visa.co.in/en_in/visa-offers-and-perks/salty-accessories/156482",,Online ,
106,,Plum (Offer 1),Plum (Offer 1),Health & Wellness,,,15th September 2024,Rs. 240 OFF on MInimum Order Value of Rs. 1199,,,https://www.visa.co.in/en_in/visa-offers-and-perks/plum-goodness/156486,,Online ,
107,,Plum (Offer 2),Plum (Offer 2),Health & Wellness,,,15th September 2024,Rs. 200 OFF on MInimum Order Value of Rs. 999,,,https://www.visa.co.in/en_in/visa-offers-and-perks/plum-goodness/156488,,Online ,
108,,Snitch (Offer 2),Snitch (Offer 2),Apparel ,,,15th September 2024,Flat 15% OFF on MOV of Rs. 1499,,,https://www.visa.co.in/en_in/visa-offers-and-perks/snitch/156490,,Online ,
109,,Meolaa,Meolaa,Others ,,,15th September 2024,Flat 15% OFF on Minimum Order Value of Rs. 999,,,https://www.visa.co.in/en_in/visa-offers-and-perks/meolaa/156492,,Online ,
110,,Arrow ,Arrow ,Apparel ,,,15th September 2024,Buy for 2499/- and get extra 10% off,,,https://www.visa.co.in/en_in/visa-offers-and-perks/arrow/156494,,Online,
111,,Flying Machine,Flying Machine,Apparel ,,,15th September 2024,Buy 2 and get extra 10% off,,,https://www.visa.co.in/en_in/visa-offers-and-perks/flying-machine/156540,,Online,
112,,Aeropostale,Aeropostale,Apparel ,,,15th September 2024,Buy for 1999/- and get extra 15% off,,,https://www.visa.co.in/en_in/visa-offers-and-perks/aeropostale/156542,,Online,
113,,Donuts,Donuts,Apparel ,,,15th September 2024,Buy for 1999/- and get extra 15% off,,,https://www.visa.co.in/en_in/visa-offers-and-perks/donuts/156544,,Online,
114,,Ruggers,Ruggers,Apparel ,,,15th September 2024,Buy for 1999/- and get extra 15% off,,,https://www.visa.co.in/en_in/visa-offers-and-perks/ruggers/156546,,Online,
115,,colt,colt,Apparel ,,,15th September 2024,Buy for 1999/- and get extra 15% off,,,https://www.visa.co.in/en_in/visa-offers-and-perks/colt/156548,,Online,
116,,Karigari,Karigari,Apparel ,,,15th September 2024,Buy for 1999/- and get extra 15% off,,,https://www.visa.co.in/en_in/visa-offers-and-perks/karigari/156550,,Online,
117,,Anahi,Anahi,Apparel ,,,15th September 2024,Buy for 1999/- and get extra 15% off,,,https://www.visa.co.in/en_in/visa-offers-and-perks/anahi/156552,,Online,
118,,Sugr,Sugr,Apparel ,,,15th September 2024,Buy for 1999/- and get extra 15% off,,,https://www.visa.co.in/en_in/visa-offers-and-perks/sugr/156554,,Online,
119,,Homcentre (Offer 2),Homcentre (Offer 2),Home,,,31st March 2024,"Rs.400 Off. Valid on Homeware purchase on App or Website. Min Bill value Rs.2,999 (Private labels only)",,,https://www.visa.co.in/en_in/visa-offers-and-perks/homecentre/156558,,Online ,
120,,Happilo ,Happilo ,Others ,,,15th September 2024,Flat 37.5% OFF for Visa Card Customers,,,https://www.visa.co.in/en_in/visa-offers-and-perks/happilo/156700,,Online ,
121,,Myntra (Offer 1),Myntra (Offer 1),Apparel ,,,31st March 2024,"Offer 1: Additional 10% OFF up to INR 300 on min. cart value of INR 999 
",,,https://www.visa.co.in/en_in/visa-offers-and-perks/myntra/156568,,Online ,
122,,Myntra (Offer 2),Myntra (Offer 2),Dining ,,,31st March 2024,"Offer 2: Additional INR 150 OFF on min. cart value of INR 1,099 
",,,https://www.visa.co.in/en_in/visa-offers-and-perks/myntra/156358,,Online ,
123,,Medibuddy,Medibuddy,Health & Wellness,,,15th September 2024,Full Body Health Checkup worth Rs.1899 at just Rs.649 (80+ Tests),,,https://www.visa.co.in/en_in/visa-offers-and-perks/medibuddy/156688,,Online ,
124,,Myntra (Offer 3),Myntra (Offer 3),Apparel ,,,15th September 2024,"Additional INR 250 OFF on min. cart value of INR 1,499",,,https://www.visa.co.in/en_in/visa-offers-and-perks/myntra/156720,,Online ,
125,,Codingal ,Codingal ,Education & Upskilling ,,,15th September 2024,25% discount on any course on Codingal,,,https://www.visa.co.in/en_in/visa-offers-and-perks/codingle/151479,,Online ,
126,,Myglamm,Myglamm,Health & Wellness,,,31st March 2024,Rs500 off on a spend of Rs 899,,,https://www.visa.co.in/en_in/visa-offers-and-perks/myglamm/150282,,Online,
127,,The Moms Co,The Moms Co,Health & Wellness,,,31st March 2024,"Flat 50%, min txn-499, max dis amt 500",,,https://www.visa.co.in/en_in/visa-offers-and-perks/the-moms-co/157276,,Online,
128,,Mirraw,Mirraw,Apparel ,,,31st March 2024,get 15% off on minimum purchase of Rs. 1499,,,https://www.visa.co.in/en_in/visa-offers-and-perks/mirraw/157266,,Online,
129,,Fable Street,Fable Street,Apparel ,,,31st March 2024,Get 20% of on minimum purchase of Rs. 1999,,,https://www.visa.co.in/en_in/visa-offers-and-perks/fable-street/157268,,Online,
130,,Pink Fort,Pink Fort,Apparel ,,,31st March 2024,Get 20% of on minimum purchase of Rs. 1999,,,https://www.visa.co.in/en_in/visa-offers-and-perks/pink-fort/157272,,Online,
131,,March Jewellery,March Jewellery,Accessories,,,31st March 2024,Get Rs. 300 off on Rs. 999,,,https://www.visa.co.in/en_in/visa-offers-and-perks/the-moms-co/157276,,Online,
132,,Healthifyme ,Healthifyme ,Health & Wellness,,,31st March 2024,"Offer 1: Additional 5% off on HealthifyMe Foods and Devices 
Offer 2: Additional 10% off on HealthifyMe Services",,,https://www.visa.co.in/en_in/visa-offers-and-perks/healthifyme/157226,,Online ,
133,,Nutrabay ,Nutrabay ,Health & Wellness,,,31st March 2024,"Offer 1: Rs.150 off on First Purchase on a minimum order value of Rs. 749, applicable on Nutrabay range of products 

Offer 2: Rs. 150 off on First Purchase on a minimum order value of Rs. 1499, applicable Sitewide",,,https://www.visa.co.in/en_in/visa-offers-and-perks/nutrabay/157228,,Online ,
134,,Howard Johnson ,Howard Johnson ,Travel,,,15th September 2024,FLAT 20% OFF on BAR Rates,,,https://www.visa.co.in/en_in/visa-offers-and-perks/howard-johnson/156708,,Online ,
135,,Bhairavgarh Palace,Bhairavgarh Palace,Travel,,,15th September 2024,FLAT 20% OFF on BAR Rates,,,https://www.visa.co.in/en_in/visa-offers-and-perks/bhairavgarh-palace/156710,,Online ,
136,,Zooboo,Zooboo,Others ,,,15th September 2024,Free Personalized Storybooks for kids worth Rs.399,,,https://www.visa.co.in/en_in/visa-offers-and-perks/zooboo/156692,,Online ,
137,,Mojo Bar ,Mojo Bar ,Others ,,,31st March 2024,Get Additional 25% OFF on orders above Rs. 499,,,https://www.visa.co.in/en_in/visa-offers-and-perks/mojo-bar/158788,,Online ,
138,,Rentomojo ,Rentomojo ,Home,,,31st March 2024,Flat 50% off on 2nd month's rent upto Rs. 1000 on a MOV of Rs. 2000,,,https://www.visa.co.in/en_in/visa-offers-and-perks/rentomojo/158790,,Online ,
139,,Dot & Key ,Dot & Key ,Health & Wellness,,,30th September 2024,Flat 20% Off Sitewide + 5% Prepaid Discount.,,,https://www.visa.co.in/en_in/visa-offers-and-perks/dot-key/159236,,Online ,
140,,Mcdelivery (Offer 1) ,Mcdelivery (Offer 1) ,Dining ,,,31st March 2024,Get a Free McVeggie / McChicken On purchase of ₹ 299.,,,https://www.visa.co.in/en_in/visa-offers-and-perks/mcdelivery/159234,,Online ,
141,,Mcdelivery (Offer 2) ,Mcdelivery (Offer 2) ,Dining ,,,31st March 2024,Get a Free Medium Fries On Purchase of ₹249.,,,https://www.visa.co.in/en_in/visa-offers-and-perks/mcdelivery/159232,,Online ,
142,,Mcdelivery (Offer 3) ,Mcdelivery (Offer 3) ,Dining ,,,31st March 2024,Get Big Spicy Paneer Wrap/Big Spicy Chicken Wrap On Purchase of ₹ 399,,,https://www.visa.co.in/en_in/visa-offers-and-perks/mcdelivery/159230,,Online ,
143,,Mcdelivery (Offer 4) ,Mcdelivery (Offer 4) ,Dining ,,,31st March 2024,Get McSpicy Paneer/McSpicy Chicken Burger On Purchase of ₹ 399.,,,https://www.visa.co.in/en_in/visa-offers-and-perks/mcdelivery/159228,,Online ,
144,,Bewakoof ,Bewakoof ,Apparel ,,,30th September 2024,15% off on a minimum transaction of Rs 499 at Bewakoof,,,https://www.visa.co.in/en_in/visa-offers-and-perks/bewakoof/159226,,Online ,
145,,Zee5,Zee5,Entertainment,,,31st March 2024,FLAT 15% OFF on ZEE5 Premium HD and ZEE5 Premium 4K Annual Pack,,,https://www.visa.co.in/en_in/visa-offers-and-perks/zee5/158792,,Online ,
146,,Foxtale ,Foxtale ,Health & Wellness,,,31st July 2024,Flat 20% off on orders above 899,,,,,Online ,
147,,  Kiro Beauty ,  Kiro Beauty ,Health & Wellness,,,15th September 2024,Flat 20% sitewide discount ,,,,,Online ,
148,,Juicy Chemistry ,Juicy Chemistry ,Health & Wellness,,,15th September 2024,Additional 5% Off ,,,,,Online ,
